Mono path[0] = 'C:/Users/RavaRazan/Downloads/Research Rava/Game-Thesis-Real-Time-RLAgents/Builds/Code Crusader_Data/Managed'
Mono config path = 'C:/Users/RavaRazan/Downloads/Research Rava/Game-Thesis-Real-Time-RLAgents/Builds/MonoBleedingEdge/etc'
Found 1 interfaces on host : 0) 150.65.233.75
Player connection [84504]  Target information:

Player connection [84504]  * "[IP] 150.65.233.75 [Port] 55001 [Flags] 2 [Guid] 2300533277 [EditorId] 3010025928 [Version] 1048832 [Id] WindowsPlayer(2,DESKTOP-06TBHKH) [Debug] 0 [PackageName] WindowsPlayer [ProjectName] Code Crusader" 

Player connection [84504] Started UDP target info broadcast (1) on [225.0.0.222:54997].

Input System module state changed to: Initialized.
[Physics::Module] Initialized fallback backend.
[Physics::Module] Id: 0xdecafbad
Initialize engine version: 6000.0.38f1 (82314a941f2d)
[Subsystems] Discovering subsystems at path C:/Users/RavaRazan/Downloads/Research Rava/Game-Thesis-Real-Time-RLAgents/Builds/Code Crusader_Data/UnitySubsystems
kGfxThreadingModeSplitJobs is not supported on Direct3D 11. Reverting to kGfxThreadingModeClientWorkerJobs instead.
GfxDevice: creating device client; kGfxThreadingModeClientWorkerJobs
Direct3D:
    Version:  Direct3D 11.0 [level 11.1]
    Renderer: NVIDIA GeForce RTX 4080 (ID=0x2704)
    Vendor:   NVIDIA
    VRAM:     16048 MB
    Driver:   32.0.16.1074
Begin MonoManager ReloadAssembly
Symbol file LoadedFromMemory is not a mono symbol file
Symbol file LoadedFromMemory is not a mono symbol file
- Loaded All Assemblies, in  0.127 seconds
- Finished resetting the current domain, in  0.002 seconds
[Physics::Module] Selected backend.
[Physics::Module] Name: PhysX
[Physics::Module] Id: 0xf2b8ea05
[Physics::Module] SDK Version: 4.1.2
[Physics::Module] Integration Version: 1.0.0
[Physics::Module] Threading Mode: Multi-Threaded
<b>[App UI]</b> Unable to find an AppUISettings instance, creating a default one...
UnityEngine.Debug:ExtractStackTraceNoAlloc (byte*,int,string)
UnityEngine.StackTraceUtility:ExtractStackTrace () (at C:/build/output/unity/unity/Runtime/Export/Scripting/StackTrace.cs:37)
UnityEngine.DebugLogHandler:Internal_Log (UnityEngine.LogType,UnityEngine.LogOption,string,UnityEngine.Object)
UnityEngine.DebugLogHandler:LogFormat (UnityEngine.LogType,UnityEngine.Object,string,object[])
UnityEngine.Logger:Log (UnityEngine.LogType,object)
UnityEngine.Debug:LogWarning (object)
Unity.AppUI.Core.AppUI:InitializeInPlayer () (at ./Library/PackageCache/com.unity.dt.app-ui@874541faca7e/Runtime/Core/AppUI.cs:275)
Unity.AppUI.Core.AppUI:.cctor () (at ./Library/PackageCache/com.unity.dt.app-ui@874541faca7e/Runtime/Core/AppUI.cs:68)

(Filename: ./Library/PackageCache/com.unity.dt.app-ui@874541faca7e/Runtime/Core/AppUI.cs Line: 275)

<RI> Initializing input.
Using Windows.Gaming.Input
XInput1_3.dll not found. Trying XInput9_1_0.dll instead...
<RI> Input initialized.
<RI> Initialized touch support.
UnloadTime: 0.520100 ms
Found 1 target spawners
UnityEngine.Debug:ExtractStackTraceNoAlloc (byte*,int,string)
UnityEngine.StackTraceUtility:ExtractStackTrace () (at C:/build/output/unity/unity/Runtime/Export/Scripting/StackTrace.cs:37)
UnityEngine.DebugLogHandler:Internal_Log (UnityEngine.LogType,UnityEngine.LogOption,string,UnityEngine.Object)
UnityEngine.DebugLogHandler:LogFormat (UnityEngine.LogType,UnityEngine.Object,string,object[])
UnityEngine.Logger:Log (UnityEngine.LogType,object)
UnityEngine.Debug:Log (object)
RL_TrainingManager:LogDebug (string) (at C:/Users/RavaRazan/Downloads/Research Rava/Game-Thesis-Real-Time-RLAgents/Assets/Script/RL Scripts/Training/RL_TrainingManager.cs:270)
RL_TrainingManager:ValidateComponents () (at C:/Users/RavaRazan/Downloads/Research Rava/Game-Thesis-Real-Time-RLAgents/Assets/Script/RL Scripts/Training/RL_TrainingManager.cs:107)
RL_TrainingManager:InitializeComponents () (at C:/Users/RavaRazan/Downloads/Research Rava/Game-Thesis-Real-Time-RLAgents/Assets/Script/RL Scripts/Training/RL_TrainingManager.cs:96)
RL_TrainingManager:Awake () (at C:/Users/RavaRazan/Downloads/Research Rava/Game-Thesis-Real-Time-RLAgents/Assets/Script/RL Scripts/Training/RL_TrainingManager.cs:21)

(Filename: C:/Users/RavaRazan/Downloads/Research Rava/Game-Thesis-Real-Time-RLAgents/Assets/Script/RL Scripts/Training/RL_TrainingManager.cs Line: 270)

Registered Communicator in Agent.
UnityEngine.Debug:ExtractStackTraceNoAlloc (byte*,int,string)
UnityEngine.StackTraceUtility:ExtractStackTrace () (at C:/build/output/unity/unity/Runtime/Export/Scripting/StackTrace.cs:37)
UnityEngine.DebugLogHandler:Internal_Log (UnityEngine.LogType,UnityEngine.LogOption,string,UnityEngine.Object)
UnityEngine.DebugLogHandler:LogFormat (UnityEngine.LogType,UnityEngine.Object,string,object[])
UnityEngine.Logger:Log (UnityEngine.LogType,object)
UnityEngine.Debug:Log (object)
Unity.MLAgents.Agent:Awake () (at ./Library/PackageCache/com.unity.ml-agents@0f918b8a6271/Runtime/Agent.cs:383)
UnityEngine.Object:Internal_InstantiateSingle (UnityEngine.Object,UnityEngine.Vector3,UnityEngine.Quaternion)
UnityEngine.Object:Instantiate (UnityEngine.Object,UnityEngine.Vector3,UnityEngine.Quaternion) (at C:/build/output/unity/unity/Runtime/Export/Scripting/UnityEngineObject.bindings.cs:350)
UnityEngine.Object:Instantiate<UnityEngine.GameObject> (UnityEngine.GameObject,UnityEngine.Vector3,UnityEngine.Quaternion) (at C:/build/output/unity/unity/Runtime/Export/Scripting/UnityEngineObject.bindings.cs:459)
RL_TrainingEnemySpawner/<SpawnRemainingEnemiesRandomly>d__22:MoveNext () (at C:/Users/RavaRazan/Downloads/Research Rava/Game-Thesis-Real-Time-RLAgents/Assets/Script/RL Scripts/Training/RL_TrainingEnemySpawner.cs:285)
UnityEngine.SetupCoroutine:InvokeMoveNext (System.Collections.IEnumerator,intptr) (at C:/build/output/unity/unity/Runtime/Export/Scripting/Coroutines.cs:17)
UnityEngine.MonoBehaviour:StartCoroutineManaged2 (System.Collections.IEnumerator)
UnityEngine.MonoBehaviour:StartCoroutine (System.Collections.IEnumerator) (at C:/build/output/unity/unity/Runtime/Export/Scripting/MonoBehaviour.bindings.cs:114)
RL_TrainingEnemySpawner/<SpawnEnemyTypeWithGridPattern>d__18:MoveNext () (at C:/Users/RavaRazan/Downloads/Research Rava/Game-Thesis-Real-Time-RLAgents/Assets/Script/RL Scripts/Training/RL_TrainingEnemySpawner.cs:171)
UnityEngine.SetupCoroutine:InvokeMoveNext (System.Collections.IEnumerator,intptr) (at C:/build/output/unity/unity/Runtime/Export/Scripting/Coroutines.cs:17)
UnityEngine.MonoBehaviour:StartCoroutineManaged2 (System.Collections.IEnumerator)
UnityEngine.MonoBehaviour:StartCoroutine (System.Collections.IEnumerator) (at C:/build/output/unity/unity/Runtime/Export/Scripting/MonoBehaviour.bindings.cs:114)
RL_TrainingEnemySpawner/<SpawnEnemiesInArena>d__17:MoveNext () (at C:/Users/RavaRazan/Downloads/Research Rava/Game-Thesis-Real-Time-RLAgents/Assets/Script/RL Scripts/Training/RL_TrainingEnemySpawner.cs:104)
UnityEngine.SetupCoroutine:InvokeMoveNext (System.Collections.IEnumerator,intptr) (at C:/build/output/unity/unity/Runtime/Export/Scripting/Coroutines.cs:17)
UnityEngine.MonoBehaviour:StartCoroutineManaged2 (System.Collections.IEnumerator)
UnityEngine.MonoBehaviour:StartCoroutine (System.Collections.IEnumerator) (at C:/build/output/unity/unity/Runtime/Export/Scripting/MonoBehaviour.bindings.cs:114)
RL_TrainingEnemySpawner/<InitializeAllArenasSequentially>d__14:MoveNext () (at C:/Users/RavaRazan/Downloads/Research Rava/Game-Thesis-Real-Time-RLAgents/Assets/Script/RL Scripts/Training/RL_TrainingEnemySpawner.cs:68)
UnityEngine.SetupCoroutine:InvokeMoveNext (System.Collections.IEnumerator,intptr) (at C:/build/output/unity/unity/Runtime/Export/Scripting/Coroutines.cs:17)
UnityEngine.MonoBehaviour:StartCoroutineManaged2 (System.Collections.IEnumerator)
UnityEngine.MonoBehaviour:StartCoroutine (System.Collections.IEnumerator) (at C:/build/output/unity/unity/Runtime/Export/Scripting/MonoBehaviour.bindings.cs:114)
RL_TrainingEnemySpawner:Start () (at C:/Users/RavaRazan/Downloads/Research Rava/Game-Thesis-Real-Time-RLAgents/Assets/Script/RL Scripts/Training/RL_TrainingEnemySpawner.cs:53)

(Filename: ./Library/PackageCache/com.unity.ml-agents@0f918b8a6271/Runtime/Agent.cs Line: 383)

Spawned remaining RL_Creep #1 in Arena 0 at (-96.92, 0.88, 39.46) with preserved scale (0.18, 0.18, 0.23)
UnityEngine.Debug:ExtractStackTraceNoAlloc (byte*,int,string)
UnityEngine.StackTraceUtility:ExtractStackTrace () (at C:/build/output/unity/unity/Runtime/Export/Scripting/StackTrace.cs:37)
UnityEngine.DebugLogHandler:Internal_Log (UnityEngine.LogType,UnityEngine.LogOption,string,UnityEngine.Object)
UnityEngine.DebugLogHandler:LogFormat (UnityEngine.LogType,UnityEngine.Object,string,object[])
UnityEngine.Logger:Log (UnityEngine.LogType,object)
UnityEngine.Debug:Log (object)
RL_TrainingEnemySpawner/<SpawnRemainingEnemiesRandomly>d__22:MoveNext () (at C:/Users/RavaRazan/Downloads/Research Rava/Game-Thesis-Real-Time-RLAgents/Assets/Script/RL Scripts/Training/RL_TrainingEnemySpawner.cs:310)
UnityEngine.SetupCoroutine:InvokeMoveNext (System.Collections.IEnumerator,intptr) (at C:/build/output/unity/unity/Runtime/Export/Scripting/Coroutines.cs:17)
UnityEngine.MonoBehaviour:StartCoroutineManaged2 (System.Collections.IEnumerator)
UnityEngine.MonoBehaviour:StartCoroutine (System.Collections.IEnumerator) (at C:/build/output/unity/unity/Runtime/Export/Scripting/MonoBehaviour.bindings.cs:114)
RL_TrainingEnemySpawner/<SpawnEnemyTypeWithGridPattern>d__18:MoveNext () (at C:/Users/RavaRazan/Downloads/Research Rava/Game-Thesis-Real-Time-RLAgents/Assets/Script/RL Scripts/Training/RL_TrainingEnemySpawner.cs:171)
UnityEngine.SetupCoroutine:InvokeMoveNext (System.Collections.IEnumerator,intptr) (at C:/build/output/unity/unity/Runtime/Export/Scripting/Coroutines.cs:17)
UnityEngine.MonoBehaviour:StartCoroutineManaged2 (System.Collections.IEnumerator)
UnityEngine.MonoBehaviour:StartCoroutine (System.Collections.IEnumerator) (at C:/build/output/unity/unity/Runtime/Export/Scripting/MonoBehaviour.bindings.cs:114)
RL_TrainingEnemySpawner/<SpawnEnemiesInArena>d__17:MoveNext () (at C:/Users/RavaRazan/Downloads/Research Rava/Game-Thesis-Real-Time-RLAgents/Assets/Script/RL Scripts/Training/RL_TrainingEnemySpawner.cs:104)
UnityEngine.SetupCoroutine:InvokeMoveNext (System.Collections.IEnumerator,intptr) (at C:/build/output/unity/unity/Runtime/Export/Scripting/Coroutines.cs:17)
UnityEngine.MonoBehaviour:StartCoroutineManaged2 (System.Collections.IEnumerator)
UnityEngine.MonoBehaviour:StartCoroutine (System.Collections.IEnumerator) (at C:/build/output/unity/unity/Runtime/Export/Scripting/MonoBehaviour.bindings.cs:114)
RL_TrainingEnemySpawner/<InitializeAllArenasSequentially>d__14:MoveNext () (at C:/Users/RavaRazan/Downloads/Research Rava/Game-Thesis-Real-Time-RLAgents/Assets/Script/RL Scripts/Training/RL_TrainingEnemySpawner.cs:68)
UnityEngine.SetupCoroutine:InvokeMoveNext (System.Collections.IEnumerator,intptr) (at C:/build/output/unity/unity/Runtime/Export/Scripting/Coroutines.cs:17)
UnityEngine.MonoBehaviour:StartCoroutineManaged2 (System.Collections.IEnumerator)
UnityEngine.MonoBehaviour:StartCoroutine (System.Collections.IEnumerator) (at C:/build/output/unity/unity/Runtime/Export/Scripting/MonoBehaviour.bindings.cs:114)
RL_TrainingEnemySpawner:Start () (at C:/Users/RavaRazan/Downloads/Research Rava/Game-Thesis-Real-Time-RLAgents/Assets/Script/RL Scripts/Training/RL_TrainingEnemySpawner.cs:53)

(Filename: C:/Users/RavaRazan/Downloads/Research Rava/Game-Thesis-Real-Time-RLAgents/Assets/Script/RL Scripts/Training/RL_TrainingEnemySpawner.cs Line: 310)

RenderGraph is now enabled.
UnityEngine.Debug:ExtractStackTraceNoAlloc (byte*,int,string)
UnityEngine.StackTraceUtility:ExtractStackTrace () (at C:/build/output/unity/unity/Runtime/Export/Scripting/StackTrace.cs:37)
UnityEngine.DebugLogHandler:Internal_Log (UnityEngine.LogType,UnityEngine.LogOption,string,UnityEngine.Object)
UnityEngine.DebugLogHandler:LogFormat (UnityEngine.LogType,UnityEngine.Object,string,object[])
UnityEngine.Logger:Log (UnityEngine.LogType,object)
UnityEngine.Debug:Log (object)
UnityEngine.Rendering.Universal.UniversalRenderPipeline:.ctor (UnityEngine.Rendering.Universal.UniversalRenderPipelineAsset) (at ./Library/PackageCache/com.unity.render-pipelines.universal@1e752e39e60c/Runtime/UniversalRenderPipeline.cs:259)
UnityEngine.Rendering.Universal.UniversalRenderPipelineAsset:CreatePipeline () (at ./Library/PackageCache/com.unity.render-pipelines.universal@1e752e39e60c/Runtime/Data/UniversalRenderPipelineAsset.cs:799)
UnityEngine.Rendering.RenderPipelineAsset:InternalCreatePipeline () (at C:/build/output/unity/unity/Runtime/Export/RenderPipeline/RenderPipelineAsset.cs:15)
UnityEngine.Rendering.RenderPipelineManager:TryPrepareRenderPipeline (UnityEngine.Rendering.RenderPipelineAsset) (at C:/build/output/unity/unity/Runtime/Export/RenderPipeline/RenderPipelineManager.cs:165)
UnityEngine.Rendering.RenderPipelineManager:DoRenderLoop_Internal (UnityEngine.Rendering.RenderPipelineAsset,intptr,UnityEngine.Object) (at C:/build/output/unity/unity/Runtime/Export/RenderPipeline/RenderPipelineManager.cs:139)

(Filename: ./Library/PackageCache/com.unity.render-pipelines.universal@1e752e39e60c/Runtime/UniversalRenderPipeline.cs Line: 259)

Spawned remaining RL_Humanoid #1 in Arena 0 at (-96.45, 0.88, 39.33) with preserved scale (0.80, 0.80, 0.80)
UnityEngine.Debug:ExtractStackTraceNoAlloc (byte*,int,string)
UnityEngine.StackTraceUtility:ExtractStackTrace () (at C:/build/output/unity/unity/Runtime/Export/Scripting/StackTrace.cs:37)
UnityEngine.DebugLogHandler:Internal_Log (UnityEngine.LogType,UnityEngine.LogOption,string,UnityEngine.Object)
UnityEngine.DebugLogHandler:LogFormat (UnityEngine.LogType,UnityEngine.Object,string,object[])
UnityEngine.Logger:Log (UnityEngine.LogType,object)
UnityEngine.Debug:Log (object)
RL_TrainingEnemySpawner/<SpawnRemainingEnemiesRandomly>d__22:MoveNext () (at C:/Users/RavaRazan/Downloads/Research Rava/Game-Thesis-Real-Time-RLAgents/Assets/Script/RL Scripts/Training/RL_TrainingEnemySpawner.cs:310)
UnityEngine.SetupCoroutine:InvokeMoveNext (System.Collections.IEnumerator,intptr) (at C:/build/output/unity/unity/Runtime/Export/Scripting/Coroutines.cs:17)
UnityEngine.MonoBehaviour:StartCoroutineManaged2 (System.Collections.IEnumerator)
UnityEngine.MonoBehaviour:StartCoroutine (System.Collections.IEnumerator) (at C:/build/output/unity/unity/Runtime/Export/Scripting/MonoBehaviour.bindings.cs:114)
RL_TrainingEnemySpawner/<SpawnEnemyTypeWithGridPattern>d__18:MoveNext () (at C:/Users/RavaRazan/Downloads/Research Rava/Game-Thesis-Real-Time-RLAgents/Assets/Script/RL Scripts/Training/RL_TrainingEnemySpawner.cs:171)
UnityEngine.SetupCoroutine:InvokeMoveNext (System.Collections.IEnumerator,intptr) (at C:/build/output/unity/unity/Runtime/Export/Scripting/Coroutines.cs:17)
UnityEngine.MonoBehaviour:StartCoroutineManaged2 (System.Collections.IEnumerator)
UnityEngine.MonoBehaviour:StartCoroutine (System.Collections.IEnumerator) (at C:/build/output/unity/unity/Runtime/Export/Scripting/MonoBehaviour.bindings.cs:114)
RL_TrainingEnemySpawner/<SpawnEnemiesInArena>d__17:MoveNext () (at C:/Users/RavaRazan/Downloads/Research Rava/Game-Thesis-Real-Time-RLAgents/Assets/Script/RL Scripts/Training/RL_TrainingEnemySpawner.cs:109)
UnityEngine.SetupCoroutine:InvokeMoveNext (System.Collections.IEnumerator,intptr) (at C:/build/output/unity/unity/Runtime/Export/Scripting/Coroutines.cs:17)

(Filename: C:/Users/RavaRazan/Downloads/Research Rava/Game-Thesis-Real-Time-RLAgents/Assets/Script/RL Scripts/Training/RL_TrainingEnemySpawner.cs Line: 310)

Configuring 1 target spawners - Spawning enabled: True
UnityEngine.Debug:ExtractStackTraceNoAlloc (byte*,int,string)
UnityEngine.StackTraceUtility:ExtractStackTrace () (at C:/build/output/unity/unity/Runtime/Export/Scripting/StackTrace.cs:37)
UnityEngine.DebugLogHandler:Internal_Log (UnityEngine.LogType,UnityEngine.LogOption,string,UnityEngine.Object)
UnityEngine.DebugLogHandler:LogFormat (UnityEngine.LogType,UnityEngine.Object,string,object[])
UnityEngine.Logger:Log (UnityEngine.LogType,object)
UnityEngine.Debug:Log (object)
RL_TrainingManager:LogDebug (string) (at C:/Users/RavaRazan/Downloads/Research Rava/Game-Thesis-Real-Time-RLAgents/Assets/Script/RL Scripts/Training/RL_TrainingManager.cs:270)
RL_TrainingManager:ConfigureAllTargetSpawners () (at C:/Users/RavaRazan/Downloads/Research Rava/Game-Thesis-Real-Time-RLAgents/Assets/Script/RL Scripts/Training/RL_TrainingManager.cs:226)
RL_TrainingManager/<InitializeTrainingSession>d__22:MoveNext () (at C:/Users/RavaRazan/Downloads/Research Rava/Game-Thesis-Real-Time-RLAgents/Assets/Script/RL Scripts/Training/RL_TrainingManager.cs:115)
UnityEngine.SetupCoroutine:InvokeMoveNext (System.Collections.IEnumerator,intptr) (at C:/build/output/unity/unity/Runtime/Export/Scripting/Coroutines.cs:17)

(Filename: C:/Users/RavaRazan/Downloads/Research Rava/Game-Thesis-Real-Time-RLAgents/Assets/Script/RL Scripts/Training/RL_TrainingManager.cs Line: 270)

Spawned remaining RL_Bull #1 in Arena 0 at (-97.82, 0.88, 37.85) with preserved scale (0.18, 0.18, 0.18)
UnityEngine.Debug:ExtractStackTraceNoAlloc (byte*,int,string)
UnityEngine.StackTraceUtility:ExtractStackTrace () (at C:/build/output/unity/unity/Runtime/Export/Scripting/StackTrace.cs:37)
UnityEngine.DebugLogHandler:Internal_Log (UnityEngine.LogType,UnityEngine.LogOption,string,UnityEngine.Object)
UnityEngine.DebugLogHandler:LogFormat (UnityEngine.LogType,UnityEngine.Object,string,object[])
UnityEngine.Logger:Log (UnityEngine.LogType,object)
UnityEngine.Debug:Log (object)
RL_TrainingEnemySpawner/<SpawnRemainingEnemiesRandomly>d__22:MoveNext () (at C:/Users/RavaRazan/Downloads/Research Rava/Game-Thesis-Real-Time-RLAgents/Assets/Script/RL Scripts/Training/RL_TrainingEnemySpawner.cs:310)
UnityEngine.SetupCoroutine:InvokeMoveNext (System.Collections.IEnumerator,intptr) (at C:/build/output/unity/unity/Runtime/Export/Scripting/Coroutines.cs:17)
UnityEngine.MonoBehaviour:StartCoroutineManaged2 (System.Collections.IEnumerator)
UnityEngine.MonoBehaviour:StartCoroutine (System.Collections.IEnumerator) (at C:/build/output/unity/unity/Runtime/Export/Scripting/MonoBehaviour.bindings.cs:114)
RL_TrainingEnemySpawner/<SpawnEnemyTypeWithGridPattern>d__18:MoveNext () (at C:/Users/RavaRazan/Downloads/Research Rava/Game-Thesis-Real-Time-RLAgents/Assets/Script/RL Scripts/Training/RL_TrainingEnemySpawner.cs:171)
UnityEngine.SetupCoroutine:InvokeMoveNext (System.Collections.IEnumerator,intptr) (at C:/build/output/unity/unity/Runtime/Export/Scripting/Coroutines.cs:17)
UnityEngine.MonoBehaviour:StartCoroutineManaged2 (System.Collections.IEnumerator)
UnityEngine.MonoBehaviour:StartCoroutine (System.Collections.IEnumerator) (at C:/build/output/unity/unity/Runtime/Export/Scripting/MonoBehaviour.bindings.cs:114)
RL_TrainingEnemySpawner/<SpawnEnemiesInArena>d__17:MoveNext () (at C:/Users/RavaRazan/Downloads/Research Rava/Game-Thesis-Real-Time-RLAgents/Assets/Script/RL Scripts/Training/RL_TrainingEnemySpawner.cs:114)
UnityEngine.SetupCoroutine:InvokeMoveNext (System.Collections.IEnumerator,intptr) (at C:/build/output/unity/unity/Runtime/Export/Scripting/Coroutines.cs:17)

(Filename: C:/Users/RavaRazan/Downloads/Research Rava/Game-Thesis-Real-Time-RLAgents/Assets/Script/RL Scripts/Training/RL_TrainingEnemySpawner.cs Line: 310)

Refreshed agent list: Found 3 total agents (3 active)
UnityEngine.Debug:ExtractStackTraceNoAlloc (byte*,int,string)
UnityEngine.StackTraceUtility:ExtractStackTrace () (at C:/build/output/unity/unity/Runtime/Export/Scripting/StackTrace.cs:37)
UnityEngine.DebugLogHandler:Internal_Log (UnityEngine.LogType,UnityEngine.LogOption,string,UnityEngine.Object)
UnityEngine.DebugLogHandler:LogFormat (UnityEngine.LogType,UnityEngine.Object,string,object[])
UnityEngine.Logger:Log (UnityEngine.LogType,object)
UnityEngine.Debug:Log (object)
RL_TrainingManager:LogDebug (string) (at C:/Users/RavaRazan/Downloads/Research Rava/Game-Thesis-Real-Time-RLAgents/Assets/Script/RL Scripts/Training/RL_TrainingManager.cs:270)
RL_TrainingManager:RefreshAgentList () (at C:/Users/RavaRazan/Downloads/Research Rava/Game-Thesis-Real-Time-RLAgents/Assets/Script/RL Scripts/Training/RL_TrainingManager.cs:195)
RL_TrainingManager/<InitializeTrainingSession>d__22:MoveNext () (at C:/Users/RavaRazan/Downloads/Research Rava/Game-Thesis-Real-Time-RLAgents/Assets/Script/RL Scripts/Training/RL_TrainingManager.cs:118)
UnityEngine.SetupCoroutine:InvokeMoveNext (System.Collections.IEnumerator,intptr) (at C:/build/output/unity/unity/Runtime/Export/Scripting/Coroutines.cs:17)

(Filename: C:/Users/RavaRazan/Downloads/Research Rava/Game-Thesis-Real-Time-RLAgents/Assets/Script/RL Scripts/Training/RL_TrainingManager.cs Line: 270)

Training started with 3 agents across 1 arenas
UnityEngine.Debug:ExtractStackTraceNoAlloc (byte*,int,string)
UnityEngine.StackTraceUtility:ExtractStackTrace () (at C:/build/output/unity/unity/Runtime/Export/Scripting/StackTrace.cs:37)
UnityEngine.DebugLogHandler:Internal_Log (UnityEngine.LogType,UnityEngine.LogOption,string,UnityEngine.Object)
UnityEngine.DebugLogHandler:LogFormat (UnityEngine.LogType,UnityEngine.Object,string,object[])
UnityEngine.Logger:Log (UnityEngine.LogType,object)
UnityEngine.Debug:Log (object)
RL_TrainingManager:LogDebug (string) (at C:/Users/RavaRazan/Downloads/Research Rava/Game-Thesis-Real-Time-RLAgents/Assets/Script/RL Scripts/Training/RL_TrainingManager.cs:270)
RL_TrainingManager/<InitializeTrainingSession>d__22:MoveNext () (at C:/Users/RavaRazan/Downloads/Research Rava/Game-Thesis-Real-Time-RLAgents/Assets/Script/RL Scripts/Training/RL_TrainingManager.cs:119)
UnityEngine.SetupCoroutine:InvokeMoveNext (System.Collections.IEnumerator,intptr) (at C:/build/output/unity/unity/Runtime/Export/Scripting/Coroutines.cs:17)

(Filename: C:/Users/RavaRazan/Downloads/Research Rava/Game-Thesis-Real-Time-RLAgents/Assets/Script/RL Scripts/Training/RL_TrainingManager.cs Line: 270)

Patrol loop 1 completed. Starting idle period at Patrol Point A
UnityEngine.Debug:ExtractStackTraceNoAlloc (byte*,int,string)
UnityEngine.StackTraceUtility:ExtractStackTrace () (at C:/build/output/unity/unity/Runtime/Export/Scripting/StackTrace.cs:37)
UnityEngine.DebugLogHandler:Internal_Log (UnityEngine.LogType,UnityEngine.LogOption,string,UnityEngine.Object)
UnityEngine.DebugLogHandler:LogFormat (UnityEngine.LogType,UnityEngine.Object,string,object[])
UnityEngine.Logger:Log (UnityEngine.LogType,object)
UnityEngine.Debug:Log (object)
NormalEnemyActions/PatrolSystem:AdvanceToNextWaypoint () (at C:/Users/RavaRazan/Downloads/Research Rava/Game-Thesis-Real-Time-RLAgents/Assets/Script/RL Scripts/Normal Enemy/NormalEnemyActions.cs:200)
NormalEnemyAgent:HandlePatrolState (single,single,single) (at C:/Users/RavaRazan/Downloads/Research Rava/Game-Thesis-Real-Time-RLAgents/Assets/Script/RL Scripts/Normal Enemy/NormalEnemyAgents.cs:591)
NormalEnemyAgent:ProcessActions (Unity.MLAgents.Actuators.ActionBuffers) (at C:/Users/RavaRazan/Downloads/Research Rava/Game-Thesis-Real-Time-RLAgents/Assets/Script/RL Scripts/Normal Enemy/NormalEnemyAgents.cs:503)
NormalEnemyAgent:OnActionReceived (Unity.MLAgents.Actuators.ActionBuffers) (at C:/Users/RavaRazan/Downloads/Research Rava/Game-Thesis-Real-Time-RLAgents/Assets/Script/RL Scripts/Normal Enemy/NormalEnemyAgents.cs:273)
Unity.MLAgents.Actuators.VectorActuator:OnActionReceived (Unity.MLAgents.Actuators.ActionBuffers) (at ./Library/PackageCache/com.unity.ml-agents@0f918b8a6271/Runtime/Actuators/VectorActuator.cs:76)
Unity.MLAgents.Actuators.ActuatorManager:ExecuteActions () (at ./Library/PackageCache/com.unity.ml-agents@0f918b8a6271/Runtime/Actuators/ActuatorManager.cs:295)
Unity.MLAgents.Agent:AgentStep () (at ./Library/PackageCache/com.unity.ml-agents@0f918b8a6271/Runtime/Agent.cs:1395)
Unity.MLAgents.Academy:EnvironmentStep () (at ./Library/PackageCache/com.unity.ml-agents@0f918b8a6271/Runtime/Academy.cs:602)
Unity.MLAgents.AcademyFixedUpdateStepper:FixedUpdate () (at ./Library/PackageCache/com.unity.ml-agents@0f918b8a6271/Runtime/Academy.cs:43)

(Filename: C:/Users/RavaRazan/Downloads/Research Rava/Game-Thesis-Real-Time-RLAgents/Assets/Script/RL Scripts/Normal Enemy/NormalEnemyActions.cs Line: 200)

Starting new training episode...
UnityEngine.Debug:ExtractStackTraceNoAlloc (byte*,int,string)
UnityEngine.StackTraceUtility:ExtractStackTrace () (at C:/build/output/unity/unity/Runtime/Export/Scripting/StackTrace.cs:37)
UnityEngine.DebugLogHandler:Internal_Log (UnityEngine.LogType,UnityEngine.LogOption,string,UnityEngine.Object)
UnityEngine.DebugLogHandler:LogFormat (UnityEngine.LogType,UnityEngine.Object,string,object[])
UnityEngine.Logger:Log (UnityEngine.LogType,object)
UnityEngine.Debug:Log (object)
RL_TrainingManager:LogDebug (string) (at C:/Users/RavaRazan/Downloads/Research Rava/Game-Thesis-Real-Time-RLAgents/Assets/Script/RL Scripts/Training/RL_TrainingManager.cs:270)
RL_TrainingManager/<ResetEpisodeCoroutine>d__23:MoveNext () (at C:/Users/RavaRazan/Downloads/Research Rava/Game-Thesis-Real-Time-RLAgents/Assets/Script/RL Scripts/Training/RL_TrainingManager.cs:127)
UnityEngine.SetupCoroutine:InvokeMoveNext (System.Collections.IEnumerator,intptr) (at C:/build/output/unity/unity/Runtime/Export/Scripting/Coroutines.cs:17)
UnityEngine.MonoBehaviour:StartCoroutineManaged2 (System.Collections.IEnumerator)
UnityEngine.MonoBehaviour:StartCoroutine (System.Collections.IEnumerator) (at C:/build/output/unity/unity/Runtime/Export/Scripting/MonoBehaviour.bindings.cs:114)
RL_TrainingManager:HandleEnemyDeath () (at C:/Users/RavaRazan/Downloads/Research Rava/Game-Thesis-Real-Time-RLAgents/Assets/Script/RL Scripts/Training/RL_TrainingManager.cs:86)
NormalEnemyAgent:HandleEnemyDeath () (at C:/Users/RavaRazan/Downloads/Research Rava/Game-Thesis-Real-Time-RLAgents/Assets/Script/RL Scripts/Normal Enemy/NormalEnemyAgents.cs:867)
RL_EnemyController:HandleAgentDeath () (at C:/Users/RavaRazan/Downloads/Research Rava/Game-Thesis-Real-Time-RLAgents/Assets/Script/RL Scripts/Controller/RL_EnemyController.cs:793)
RL_EnemyController:HandleDeath () (at C:/Users/RavaRazan/Downloads/Research Rava/Game-Thesis-Real-Time-RLAgents/Assets/Script/RL Scripts/Controller/RL_EnemyController.cs:785)
RL_EnemyController:TakeDamage (int,UnityEngine.Vector3) (at C:/Users/RavaRazan/Downloads/Research Rava/Game-Thesis-Real-Time-RLAgents/Assets/Script/RL Scripts/Controller/RL_EnemyController.cs:635)
RL_PlayerController:DealDamageToEnemy (UnityEngine.Transform) (at C:/Users/RavaRazan/Downloads/Research Rava/Game-Thesis-Real-Time-RLAgents/Assets/Script/RL Scripts/Controller/RL_PlayerController.cs:289)
RL_PlayerController/<AttackSequence>d__43:MoveNext () (at C:/Users/RavaRazan/Downloads/Research Rava/Game-Thesis-Real-Time-RLAgents/Assets/Script/RL Scripts/Controller/RL_PlayerController.cs:240)
UnityEngine.SetupCoroutine:InvokeMoveNext (System.Collections.IEnumerator,intptr) (at C:/build/output/unity/unity/Runtime/Export/Scripting/Coroutines.cs:17)

(Filename: C:/Users/RavaRazan/Downloads/Research Rava/Game-Thesis-Real-Time-RLAgents/Assets/Script/RL Scripts/Training/RL_TrainingManager.cs Line: 270)

Refreshed agent list: Found 3 total agents (2 active)
UnityEngine.Debug:ExtractStackTraceNoAlloc (byte*,int,string)
UnityEngine.StackTraceUtility:ExtractStackTrace () (at C:/build/output/unity/unity/Runtime/Export/Scripting/StackTrace.cs:37)
UnityEngine.DebugLogHandler:Internal_Log (UnityEngine.LogType,UnityEngine.LogOption,string,UnityEngine.Object)
UnityEngine.DebugLogHandler:LogFormat (UnityEngine.LogType,UnityEngine.Object,string,object[])
UnityEngine.Logger:Log (UnityEngine.LogType,object)
UnityEngine.Debug:Log (object)
RL_TrainingManager:LogDebug (string) (at C:/Users/RavaRazan/Downloads/Research Rava/Game-Thesis-Real-Time-RLAgents/Assets/Script/RL Scripts/Training/RL_TrainingManager.cs:270)
RL_TrainingManager:RefreshAgentList () (at C:/Users/RavaRazan/Downloads/Research Rava/Game-Thesis-Real-Time-RLAgents/Assets/Script/RL Scripts/Training/RL_TrainingManager.cs:195)
RL_TrainingManager/<ResetEpisodeCoroutine>d__23:MoveNext () (at C:/Users/RavaRazan/Downloads/Research Rava/Game-Thesis-Real-Time-RLAgents/Assets/Script/RL Scripts/Training/RL_TrainingManager.cs:129)
UnityEngine.SetupCoroutine:InvokeMoveNext (System.Collections.IEnumerator,intptr) (at C:/build/output/unity/unity/Runtime/Export/Scripting/Coroutines.cs:17)
UnityEngine.MonoBehaviour:StartCoroutineManaged2 (System.Collections.IEnumerator)
UnityEngine.MonoBehaviour:StartCoroutine (System.Collections.IEnumerator) (at C:/build/output/unity/unity/Runtime/Export/Scripting/MonoBehaviour.bindings.cs:114)
RL_TrainingManager:HandleEnemyDeath () (at C:/Users/RavaRazan/Downloads/Research Rava/Game-Thesis-Real-Time-RLAgents/Assets/Script/RL Scripts/Training/RL_TrainingManager.cs:86)
NormalEnemyAgent:HandleEnemyDeath () (at C:/Users/RavaRazan/Downloads/Research Rava/Game-Thesis-Real-Time-RLAgents/Assets/Script/RL Scripts/Normal Enemy/NormalEnemyAgents.cs:867)
RL_EnemyController:HandleAgentDeath () (at C:/Users/RavaRazan/Downloads/Research Rava/Game-Thesis-Real-Time-RLAgents/Assets/Script/RL Scripts/Controller/RL_EnemyController.cs:793)
RL_EnemyController:HandleDeath () (at C:/Users/RavaRazan/Downloads/Research Rava/Game-Thesis-Real-Time-RLAgents/Assets/Script/RL Scripts/Controller/RL_EnemyController.cs:785)
RL_EnemyController:TakeDamage (int,UnityEngine.Vector3) (at C:/Users/RavaRazan/Downloads/Research Rava/Game-Thesis-Real-Time-RLAgents/Assets/Script/RL Scripts/Controller/RL_EnemyController.cs:635)
RL_PlayerController:DealDamageToEnemy (UnityEngine.Transform) (at C:/Users/RavaRazan/Downloads/Research Rava/Game-Thesis-Real-Time-RLAgents/Assets/Script/RL Scripts/Controller/RL_PlayerController.cs:289)
RL_PlayerController/<AttackSequence>d__43:MoveNext () (at C:/Users/RavaRazan/Downloads/Research Rava/Game-Thesis-Real-Time-RLAgents/Assets/Script/RL Scripts/Controller/RL_PlayerController.cs:240)
UnityEngine.SetupCoroutine:InvokeMoveNext (System.Collections.IEnumerator,intptr) (at C:/build/output/unity/unity/Runtime/Export/Scripting/Coroutines.cs:17)

(Filename: C:/Users/RavaRazan/Downloads/Research Rava/Game-Thesis-Real-Time-RLAgents/Assets/Script/RL Scripts/Training/RL_TrainingManager.cs Line: 270)

Configuring 1 target spawners - Spawning enabled: True
UnityEngine.Debug:ExtractStackTraceNoAlloc (byte*,int,string)
UnityEngine.StackTraceUtility:ExtractStackTrace () (at C:/build/output/unity/unity/Runtime/Export/Scripting/StackTrace.cs:37)
UnityEngine.DebugLogHandler:Internal_Log (UnityEngine.LogType,UnityEngine.LogOption,string,UnityEngine.Object)
UnityEngine.DebugLogHandler:LogFormat (UnityEngine.LogType,UnityEngine.Object,string,object[])
UnityEngine.Logger:Log (UnityEngine.LogType,object)
UnityEngine.Debug:Log (object)
RL_TrainingManager:LogDebug (string) (at C:/Users/RavaRazan/Downloads/Research Rava/Game-Thesis-Real-Time-RLAgents/Assets/Script/RL Scripts/Training/RL_TrainingManager.cs:270)
RL_TrainingManager:ConfigureAllTargetSpawners () (at C:/Users/RavaRazan/Downloads/Research Rava/Game-Thesis-Real-Time-RLAgents/Assets/Script/RL Scripts/Training/RL_TrainingManager.cs:226)
RL_TrainingManager/<ResetEpisodeCoroutine>d__23:MoveNext () (at C:/Users/RavaRazan/Downloads/Research Rava/Game-Thesis-Real-Time-RLAgents/Assets/Script/RL Scripts/Training/RL_TrainingManager.cs:132)
UnityEngine.SetupCoroutine:InvokeMoveNext (System.Collections.IEnumerator,intptr) (at C:/build/output/unity/unity/Runtime/Export/Scripting/Coroutines.cs:17)
UnityEngine.MonoBehaviour:StartCoroutineManaged2 (System.Collections.IEnumerator)
UnityEngine.MonoBehaviour:StartCoroutine (System.Collections.IEnumerator) (at C:/build/output/unity/unity/Runtime/Export/Scripting/MonoBehaviour.bindings.cs:114)
RL_TrainingManager:HandleEnemyDeath () (at C:/Users/RavaRazan/Downloads/Research Rava/Game-Thesis-Real-Time-RLAgents/Assets/Script/RL Scripts/Training/RL_TrainingManager.cs:86)
NormalEnemyAgent:HandleEnemyDeath () (at C:/Users/RavaRazan/Downloads/Research Rava/Game-Thesis-Real-Time-RLAgents/Assets/Script/RL Scripts/Normal Enemy/NormalEnemyAgents.cs:867)
RL_EnemyController:HandleAgentDeath () (at C:/Users/RavaRazan/Downloads/Research Rava/Game-Thesis-Real-Time-RLAgents/Assets/Script/RL Scripts/Controller/RL_EnemyController.cs:793)
RL_EnemyController:HandleDeath () (at C:/Users/RavaRazan/Downloads/Research Rava/Game-Thesis-Real-Time-RLAgents/Assets/Script/RL Scripts/Controller/RL_EnemyController.cs:785)
RL_EnemyController:TakeDamage (int,UnityEngine.Vector3) (at C:/Users/RavaRazan/Downloads/Research Rava/Game-Thesis-Real-Time-RLAgents/Assets/Script/RL Scripts/Controller/RL_EnemyController.cs:635)
RL_PlayerController:DealDamageToEnemy (UnityEngine.Transform) (at C:/Users/RavaRazan/Downloads/Research Rava/Game-Thesis-Real-Time-RLAgents/Assets/Script/RL Scripts/Controller/RL_PlayerController.cs:289)
RL_PlayerController/<AttackSequence>d__43:MoveNext () (at C:/Users/RavaRazan/Downloads/Research Rava/Game-Thesis-Real-Time-RLAgents/Assets/Script/RL Scripts/Controller/RL_PlayerController.cs:240)
UnityEngine.SetupCoroutine:InvokeMoveNext (System.Collections.IEnumerator,intptr) (at C:/build/output/unity/unity/Runtime/Export/Scripting/Coroutines.cs:17)

(Filename: C:/Users/RavaRazan/Downloads/Research Rava/Game-Thesis-Real-Time-RLAgents/Assets/Script/RL Scripts/Training/RL_TrainingManager.cs Line: 270)

Resetting 1 target spawners
UnityEngine.Debug:ExtractStackTraceNoAlloc (byte*,int,string)
UnityEngine.StackTraceUtility:ExtractStackTrace () (at C:/build/output/unity/unity/Runtime/Export/Scripting/StackTrace.cs:37)
UnityEngine.DebugLogHandler:Internal_Log (UnityEngine.LogType,UnityEngine.LogOption,string,UnityEngine.Object)
UnityEngine.DebugLogHandler:LogFormat (UnityEngine.LogType,UnityEngine.Object,string,object[])
UnityEngine.Logger:Log (UnityEngine.LogType,object)
UnityEngine.Debug:Log (object)
RL_TrainingManager:LogDebug (string) (at C:/Users/RavaRazan/Downloads/Research Rava/Game-Thesis-Real-Time-RLAgents/Assets/Script/RL Scripts/Training/RL_TrainingManager.cs:270)
RL_TrainingManager:ResetAllTargetSpawners () (at C:/Users/RavaRazan/Downloads/Research Rava/Game-Thesis-Real-Time-RLAgents/Assets/Script/RL Scripts/Training/RL_TrainingManager.cs:242)
RL_TrainingManager/<ResetEpisodeCoroutine>d__23:MoveNext () (at C:/Users/RavaRazan/Downloads/Research Rava/Game-Thesis-Real-Time-RLAgents/Assets/Script/RL Scripts/Training/RL_TrainingManager.cs:133)
UnityEngine.SetupCoroutine:InvokeMoveNext (System.Collections.IEnumerator,intptr) (at C:/build/output/unity/unity/Runtime/Export/Scripting/Coroutines.cs:17)
UnityEngine.MonoBehaviour:StartCoroutineManaged2 (System.Collections.IEnumerator)
UnityEngine.MonoBehaviour:StartCoroutine (System.Collections.IEnumerator) (at C:/build/output/unity/unity/Runtime/Export/Scripting/MonoBehaviour.bindings.cs:114)
RL_TrainingManager:HandleEnemyDeath () (at C:/Users/RavaRazan/Downloads/Research Rava/Game-Thesis-Real-Time-RLAgents/Assets/Script/RL Scripts/Training/RL_TrainingManager.cs:86)
NormalEnemyAgent:HandleEnemyDeath () (at C:/Users/RavaRazan/Downloads/Research Rava/Game-Thesis-Real-Time-RLAgents/Assets/Script/RL Scripts/Normal Enemy/NormalEnemyAgents.cs:867)
RL_EnemyController:HandleAgentDeath () (at C:/Users/RavaRazan/Downloads/Research Rava/Game-Thesis-Real-Time-RLAgents/Assets/Script/RL Scripts/Controller/RL_EnemyController.cs:793)
RL_EnemyController:HandleDeath () (at C:/Users/RavaRazan/Downloads/Research Rava/Game-Thesis-Real-Time-RLAgents/Assets/Script/RL Scripts/Controller/RL_EnemyController.cs:785)
RL_EnemyController:TakeDamage (int,UnityEngine.Vector3) (at C:/Users/RavaRazan/Downloads/Research Rava/Game-Thesis-Real-Time-RLAgents/Assets/Script/RL Scripts/Controller/RL_EnemyController.cs:635)
RL_PlayerController:DealDamageToEnemy (UnityEngine.Transform) (at C:/Users/RavaRazan/Downloads/Research Rava/Game-Thesis-Real-Time-RLAgents/Assets/Script/RL Scripts/Controller/RL_PlayerController.cs:289)
RL_PlayerController/<AttackSequence>d__43:MoveNext () (at C:/Users/RavaRazan/Downloads/Research Rava/Game-Thesis-Real-Time-RLAgents/Assets/Script/RL Scripts/Controller/RL_PlayerController.cs:240)
UnityEngine.SetupCoroutine:InvokeMoveNext (System.Collections.IEnumerator,intptr) (at C:/build/output/unity/unity/Runtime/Export/Scripting/Coroutines.cs:17)

(Filename: C:/Users/RavaRazan/Downloads/Research Rava/Game-Thesis-Real-Time-RLAgents/Assets/Script/RL Scripts/Training/RL_TrainingManager.cs Line: 270)

Refreshed agent list: Found 3 total agents (3 active)
UnityEngine.Debug:ExtractStackTraceNoAlloc (byte*,int,string)
UnityEngine.StackTraceUtility:ExtractStackTrace () (at C:/build/output/unity/unity/Runtime/Export/Scripting/StackTrace.cs:37)
UnityEngine.DebugLogHandler:Internal_Log (UnityEngine.LogType,UnityEngine.LogOption,string,UnityEngine.Object)
UnityEngine.DebugLogHandler:LogFormat (UnityEngine.LogType,UnityEngine.Object,string,object[])
UnityEngine.Logger:Log (UnityEngine.LogType,object)
UnityEngine.Debug:Log (object)
RL_TrainingManager:LogDebug (string) (at C:/Users/RavaRazan/Downloads/Research Rava/Game-Thesis-Real-Time-RLAgents/Assets/Script/RL Scripts/Training/RL_TrainingManager.cs:270)
RL_TrainingManager:RefreshAgentList () (at C:/Users/RavaRazan/Downloads/Research Rava/Game-Thesis-Real-Time-RLAgents/Assets/Script/RL Scripts/Training/RL_TrainingManager.cs:195)
RL_TrainingManager/<ResetEpisodeCoroutine>d__23:MoveNext () (at C:/Users/RavaRazan/Downloads/Research Rava/Game-Thesis-Real-Time-RLAgents/Assets/Script/RL Scripts/Training/RL_TrainingManager.cs:139)
UnityEngine.SetupCoroutine:InvokeMoveNext (System.Collections.IEnumerator,intptr) (at C:/build/output/unity/unity/Runtime/Export/Scripting/Coroutines.cs:17)

(Filename: C:/Users/RavaRazan/Downloads/Research Rava/Game-Thesis-Real-Time-RLAgents/Assets/Script/RL Scripts/Training/RL_TrainingManager.cs Line: 270)

Episode reset complete. Active agents: 3
UnityEngine.Debug:ExtractStackTraceNoAlloc (byte*,int,string)
UnityEngine.StackTraceUtility:ExtractStackTrace () (at C:/build/output/unity/unity/Runtime/Export/Scripting/StackTrace.cs:37)
UnityEngine.DebugLogHandler:Internal_Log (UnityEngine.LogType,UnityEngine.LogOption,string,UnityEngine.Object)
UnityEngine.DebugLogHandler:LogFormat (UnityEngine.LogType,UnityEngine.Object,string,object[])
UnityEngine.Logger:Log (UnityEngine.LogType,object)
UnityEngine.Debug:Log (object)
RL_TrainingManager:LogDebug (string) (at C:/Users/RavaRazan/Downloads/Research Rava/Game-Thesis-Real-Time-RLAgents/Assets/Script/RL Scripts/Training/RL_TrainingManager.cs:270)
RL_TrainingManager/<ResetEpisodeCoroutine>d__23:MoveNext () (at C:/Users/RavaRazan/Downloads/Research Rava/Game-Thesis-Real-Time-RLAgents/Assets/Script/RL Scripts/Training/RL_TrainingManager.cs:140)
UnityEngine.SetupCoroutine:InvokeMoveNext (System.Collections.IEnumerator,intptr) (at C:/build/output/unity/unity/Runtime/Export/Scripting/Coroutines.cs:17)

(Filename: C:/Users/RavaRazan/Downloads/Research Rava/Game-Thesis-Real-Time-RLAgents/Assets/Script/RL Scripts/Training/RL_TrainingManager.cs Line: 270)

Starting new training episode...
UnityEngine.Debug:ExtractStackTraceNoAlloc (byte*,int,string)
UnityEngine.StackTraceUtility:ExtractStackTrace () (at C:/build/output/unity/unity/Runtime/Export/Scripting/StackTrace.cs:37)
UnityEngine.DebugLogHandler:Internal_Log (UnityEngine.LogType,UnityEngine.LogOption,string,UnityEngine.Object)
UnityEngine.DebugLogHandler:LogFormat (UnityEngine.LogType,UnityEngine.Object,string,object[])
UnityEngine.Logger:Log (UnityEngine.LogType,object)
UnityEngine.Debug:Log (object)
RL_TrainingManager:LogDebug (string) (at C:/Users/RavaRazan/Downloads/Research Rava/Game-Thesis-Real-Time-RLAgents/Assets/Script/RL Scripts/Training/RL_TrainingManager.cs:270)
RL_TrainingManager/<ResetEpisodeCoroutine>d__23:MoveNext () (at C:/Users/RavaRazan/Downloads/Research Rava/Game-Thesis-Real-Time-RLAgents/Assets/Script/RL Scripts/Training/RL_TrainingManager.cs:127)
UnityEngine.SetupCoroutine:InvokeMoveNext (System.Collections.IEnumerator,intptr) (at C:/build/output/unity/unity/Runtime/Export/Scripting/Coroutines.cs:17)
UnityEngine.MonoBehaviour:StartCoroutineManaged2 (System.Collections.IEnumerator)
UnityEngine.MonoBehaviour:StartCoroutine (System.Collections.IEnumerator) (at C:/build/output/unity/unity/Runtime/Export/Scripting/MonoBehaviour.bindings.cs:114)
RL_TrainingManager:HandleEnemyDeath () (at C:/Users/RavaRazan/Downloads/Research Rava/Game-Thesis-Real-Time-RLAgents/Assets/Script/RL Scripts/Training/RL_TrainingManager.cs:86)
NormalEnemyAgent:HandleEnemyDeath () (at C:/Users/RavaRazan/Downloads/Research Rava/Game-Thesis-Real-Time-RLAgents/Assets/Script/RL Scripts/Normal Enemy/NormalEnemyAgents.cs:867)
RL_EnemyController:HandleAgentDeath () (at C:/Users/RavaRazan/Downloads/Research Rava/Game-Thesis-Real-Time-RLAgents/Assets/Script/RL Scripts/Controller/RL_EnemyController.cs:793)
RL_EnemyController:HandleDeath () (at C:/Users/RavaRazan/Downloads/Research Rava/Game-Thesis-Real-Time-RLAgents/Assets/Script/RL Scripts/Controller/RL_EnemyController.cs:785)
RL_EnemyController:TakeDamage (int,UnityEngine.Vector3) (at C:/Users/RavaRazan/Downloads/Research Rava/Game-Thesis-Real-Time-RLAgents/Assets/Script/RL Scripts/Controller/RL_EnemyController.cs:635)
RL_PlayerController:DealDamageToEnemy (UnityEngine.Transform) (at C:/Users/RavaRazan/Downloads/Research Rava/Game-Thesis-Real-Time-RLAgents/Assets/Script/RL Scripts/Controller/RL_PlayerController.cs:289)
RL_PlayerController/<AttackSequence>d__43:MoveNext () (at C:/Users/RavaRazan/Downloads/Research Rava/Game-Thesis-Real-Time-RLAgents/Assets/Script/RL Scripts/Controller/RL_PlayerController.cs:240)
UnityEngine.SetupCoroutine:InvokeMoveNext (System.Collections.IEnumerator,intptr) (at C:/build/output/unity/unity/Runtime/Export/Scripting/Coroutines.cs:17)

(Filename: C:/Users/RavaRazan/Downloads/Research Rava/Game-Thesis-Real-Time-RLAgents/Assets/Script/RL Scripts/Training/RL_TrainingManager.cs Line: 270)

Refreshed agent list: Found 3 total agents (2 active)
UnityEngine.Debug:ExtractStackTraceNoAlloc (byte*,int,string)
UnityEngine.StackTraceUtility:ExtractStackTrace () (at C:/build/output/unity/unity/Runtime/Export/Scripting/StackTrace.cs:37)
UnityEngine.DebugLogHandler:Internal_Log (UnityEngine.LogType,UnityEngine.LogOption,string,UnityEngine.Object)
UnityEngine.DebugLogHandler:LogFormat (UnityEngine.LogType,UnityEngine.Object,string,object[])
UnityEngine.Logger:Log (UnityEngine.LogType,object)
UnityEngine.Debug:Log (object)
RL_TrainingManager:LogDebug (string) (at C:/Users/RavaRazan/Downloads/Research Rava/Game-Thesis-Real-Time-RLAgents/Assets/Script/RL Scripts/Training/RL_TrainingManager.cs:270)
RL_TrainingManager:RefreshAgentList () (at C:/Users/RavaRazan/Downloads/Research Rava/Game-Thesis-Real-Time-RLAgents/Assets/Script/RL Scripts/Training/RL_TrainingManager.cs:195)
RL_TrainingManager/<ResetEpisodeCoroutine>d__23:MoveNext () (at C:/Users/RavaRazan/Downloads/Research Rava/Game-Thesis-Real-Time-RLAgents/Assets/Script/RL Scripts/Training/RL_TrainingManager.cs:129)
UnityEngine.SetupCoroutine:InvokeMoveNext (System.Collections.IEnumerator,intptr) (at C:/build/output/unity/unity/Runtime/Export/Scripting/Coroutines.cs:17)
UnityEngine.MonoBehaviour:StartCoroutineManaged2 (System.Collections.IEnumerator)
UnityEngine.MonoBehaviour:StartCoroutine (System.Collections.IEnumerator) (at C:/build/output/unity/unity/Runtime/Export/Scripting/MonoBehaviour.bindings.cs:114)
RL_TrainingManager:HandleEnemyDeath () (at C:/Users/RavaRazan/Downloads/Research Rava/Game-Thesis-Real-Time-RLAgents/Assets/Script/RL Scripts/Training/RL_TrainingManager.cs:86)
NormalEnemyAgent:HandleEnemyDeath () (at C:/Users/RavaRazan/Downloads/Research Rava/Game-Thesis-Real-Time-RLAgents/Assets/Script/RL Scripts/Normal Enemy/NormalEnemyAgents.cs:867)
RL_EnemyController:HandleAgentDeath () (at C:/Users/RavaRazan/Downloads/Research Rava/Game-Thesis-Real-Time-RLAgents/Assets/Script/RL Scripts/Controller/RL_EnemyController.cs:793)
RL_EnemyController:HandleDeath () (at C:/Users/RavaRazan/Downloads/Research Rava/Game-Thesis-Real-Time-RLAgents/Assets/Script/RL Scripts/Controller/RL_EnemyController.cs:785)
RL_EnemyController:TakeDamage (int,UnityEngine.Vector3) (at C:/Users/RavaRazan/Downloads/Research Rava/Game-Thesis-Real-Time-RLAgents/Assets/Script/RL Scripts/Controller/RL_EnemyController.cs:635)
RL_PlayerController:DealDamageToEnemy (UnityEngine.Transform) (at C:/Users/RavaRazan/Downloads/Research Rava/Game-Thesis-Real-Time-RLAgents/Assets/Script/RL Scripts/Controller/RL_PlayerController.cs:289)
RL_PlayerController/<AttackSequence>d__43:MoveNext () (at C:/Users/RavaRazan/Downloads/Research Rava/Game-Thesis-Real-Time-RLAgents/Assets/Script/RL Scripts/Controller/RL_PlayerController.cs:240)
UnityEngine.SetupCoroutine:InvokeMoveNext (System.Collections.IEnumerator,intptr) (at C:/build/output/unity/unity/Runtime/Export/Scripting/Coroutines.cs:17)

(Filename: C:/Users/RavaRazan/Downloads/Research Rava/Game-Thesis-Real-Time-RLAgents/Assets/Script/RL Scripts/Training/RL_TrainingManager.cs Line: 270)

Configuring 1 target spawners - Spawning enabled: True
UnityEngine.Debug:ExtractStackTraceNoAlloc (byte*,int,string)
UnityEngine.StackTraceUtility:ExtractStackTrace () (at C:/build/output/unity/unity/Runtime/Export/Scripting/StackTrace.cs:37)
UnityEngine.DebugLogHandler:Internal_Log (UnityEngine.LogType,UnityEngine.LogOption,string,UnityEngine.Object)
UnityEngine.DebugLogHandler:LogFormat (UnityEngine.LogType,UnityEngine.Object,string,object[])
UnityEngine.Logger:Log (UnityEngine.LogType,object)
UnityEngine.Debug:Log (object)
RL_TrainingManager:LogDebug (string) (at C:/Users/RavaRazan/Downloads/Research Rava/Game-Thesis-Real-Time-RLAgents/Assets/Script/RL Scripts/Training/RL_TrainingManager.cs:270)
RL_TrainingManager:ConfigureAllTargetSpawners () (at C:/Users/RavaRazan/Downloads/Research Rava/Game-Thesis-Real-Time-RLAgents/Assets/Script/RL Scripts/Training/RL_TrainingManager.cs:226)
RL_TrainingManager/<ResetEpisodeCoroutine>d__23:MoveNext () (at C:/Users/RavaRazan/Downloads/Research Rava/Game-Thesis-Real-Time-RLAgents/Assets/Script/RL Scripts/Training/RL_TrainingManager.cs:132)
UnityEngine.SetupCoroutine:InvokeMoveNext (System.Collections.IEnumerator,intptr) (at C:/build/output/unity/unity/Runtime/Export/Scripting/Coroutines.cs:17)
UnityEngine.MonoBehaviour:StartCoroutineManaged2 (System.Collections.IEnumerator)
UnityEngine.MonoBehaviour:StartCoroutine (System.Collections.IEnumerator) (at C:/build/output/unity/unity/Runtime/Export/Scripting/MonoBehaviour.bindings.cs:114)
RL_TrainingManager:HandleEnemyDeath () (at C:/Users/RavaRazan/Downloads/Research Rava/Game-Thesis-Real-Time-RLAgents/Assets/Script/RL Scripts/Training/RL_TrainingManager.cs:86)
NormalEnemyAgent:HandleEnemyDeath () (at C:/Users/RavaRazan/Downloads/Research Rava/Game-Thesis-Real-Time-RLAgents/Assets/Script/RL Scripts/Normal Enemy/NormalEnemyAgents.cs:867)
RL_EnemyController:HandleAgentDeath () (at C:/Users/RavaRazan/Downloads/Research Rava/Game-Thesis-Real-Time-RLAgents/Assets/Script/RL Scripts/Controller/RL_EnemyController.cs:793)
RL_EnemyController:HandleDeath () (at C:/Users/RavaRazan/Downloads/Research Rava/Game-Thesis-Real-Time-RLAgents/Assets/Script/RL Scripts/Controller/RL_EnemyController.cs:785)
RL_EnemyController:TakeDamage (int,UnityEngine.Vector3) (at C:/Users/RavaRazan/Downloads/Research Rava/Game-Thesis-Real-Time-RLAgents/Assets/Script/RL Scripts/Controller/RL_EnemyController.cs:635)
RL_PlayerController:DealDamageToEnemy (UnityEngine.Transform) (at C:/Users/RavaRazan/Downloads/Research Rava/Game-Thesis-Real-Time-RLAgents/Assets/Script/RL Scripts/Controller/RL_PlayerController.cs:289)
RL_PlayerController/<AttackSequence>d__43:MoveNext () (at C:/Users/RavaRazan/Downloads/Research Rava/Game-Thesis-Real-Time-RLAgents/Assets/Script/RL Scripts/Controller/RL_PlayerController.cs:240)
UnityEngine.SetupCoroutine:InvokeMoveNext (System.Collections.IEnumerator,intptr) (at C:/build/output/unity/unity/Runtime/Export/Scripting/Coroutines.cs:17)

(Filename: C:/Users/RavaRazan/Downloads/Research Rava/Game-Thesis-Real-Time-RLAgents/Assets/Script/RL Scripts/Training/RL_TrainingManager.cs Line: 270)

Resetting 1 target spawners
UnityEngine.Debug:ExtractStackTraceNoAlloc (byte*,int,string)
UnityEngine.StackTraceUtility:ExtractStackTrace () (at C:/build/output/unity/unity/Runtime/Export/Scripting/StackTrace.cs:37)
UnityEngine.DebugLogHandler:Internal_Log (UnityEngine.LogType,UnityEngine.LogOption,string,UnityEngine.Object)
UnityEngine.DebugLogHandler:LogFormat (UnityEngine.LogType,UnityEngine.Object,string,object[])
UnityEngine.Logger:Log (UnityEngine.LogType,object)
UnityEngine.Debug:Log (object)
RL_TrainingManager:LogDebug (string) (at C:/Users/RavaRazan/Downloads/Research Rava/Game-Thesis-Real-Time-RLAgents/Assets/Script/RL Scripts/Training/RL_TrainingManager.cs:270)
RL_TrainingManager:ResetAllTargetSpawners () (at C:/Users/RavaRazan/Downloads/Research Rava/Game-Thesis-Real-Time-RLAgents/Assets/Script/RL Scripts/Training/RL_TrainingManager.cs:242)
RL_TrainingManager/<ResetEpisodeCoroutine>d__23:MoveNext () (at C:/Users/RavaRazan/Downloads/Research Rava/Game-Thesis-Real-Time-RLAgents/Assets/Script/RL Scripts/Training/RL_TrainingManager.cs:133)
UnityEngine.SetupCoroutine:InvokeMoveNext (System.Collections.IEnumerator,intptr) (at C:/build/output/unity/unity/Runtime/Export/Scripting/Coroutines.cs:17)
UnityEngine.MonoBehaviour:StartCoroutineManaged2 (System.Collections.IEnumerator)
UnityEngine.MonoBehaviour:StartCoroutine (System.Collections.IEnumerator) (at C:/build/output/unity/unity/Runtime/Export/Scripting/MonoBehaviour.bindings.cs:114)
RL_TrainingManager:HandleEnemyDeath () (at C:/Users/RavaRazan/Downloads/Research Rava/Game-Thesis-Real-Time-RLAgents/Assets/Script/RL Scripts/Training/RL_TrainingManager.cs:86)
NormalEnemyAgent:HandleEnemyDeath () (at C:/Users/RavaRazan/Downloads/Research Rava/Game-Thesis-Real-Time-RLAgents/Assets/Script/RL Scripts/Normal Enemy/NormalEnemyAgents.cs:867)
RL_EnemyController:HandleAgentDeath () (at C:/Users/RavaRazan/Downloads/Research Rava/Game-Thesis-Real-Time-RLAgents/Assets/Script/RL Scripts/Controller/RL_EnemyController.cs:793)
RL_EnemyController:HandleDeath () (at C:/Users/RavaRazan/Downloads/Research Rava/Game-Thesis-Real-Time-RLAgents/Assets/Script/RL Scripts/Controller/RL_EnemyController.cs:785)
RL_EnemyController:TakeDamage (int,UnityEngine.Vector3) (at C:/Users/RavaRazan/Downloads/Research Rava/Game-Thesis-Real-Time-RLAgents/Assets/Script/RL Scripts/Controller/RL_EnemyController.cs:635)
RL_PlayerController:DealDamageToEnemy (UnityEngine.Transform) (at C:/Users/RavaRazan/Downloads/Research Rava/Game-Thesis-Real-Time-RLAgents/Assets/Script/RL Scripts/Controller/RL_PlayerController.cs:289)
RL_PlayerController/<AttackSequence>d__43:MoveNext () (at C:/Users/RavaRazan/Downloads/Research Rava/Game-Thesis-Real-Time-RLAgents/Assets/Script/RL Scripts/Controller/RL_PlayerController.cs:240)
UnityEngine.SetupCoroutine:InvokeMoveNext (System.Collections.IEnumerator,intptr) (at C:/build/output/unity/unity/Runtime/Export/Scripting/Coroutines.cs:17)

(Filename: C:/Users/RavaRazan/Downloads/Research Rava/Game-Thesis-Real-Time-RLAgents/Assets/Script/RL Scripts/Training/RL_TrainingManager.cs Line: 270)

Refreshed agent list: Found 3 total agents (3 active)
UnityEngine.Debug:ExtractStackTraceNoAlloc (byte*,int,string)
UnityEngine.StackTraceUtility:ExtractStackTrace () (at C:/build/output/unity/unity/Runtime/Export/Scripting/StackTrace.cs:37)
UnityEngine.DebugLogHandler:Internal_Log (UnityEngine.LogType,UnityEngine.LogOption,string,UnityEngine.Object)
UnityEngine.DebugLogHandler:LogFormat (UnityEngine.LogType,UnityEngine.Object,string,object[])
UnityEngine.Logger:Log (UnityEngine.LogType,object)
UnityEngine.Debug:Log (object)
RL_TrainingManager:LogDebug (string) (at C:/Users/RavaRazan/Downloads/Research Rava/Game-Thesis-Real-Time-RLAgents/Assets/Script/RL Scripts/Training/RL_TrainingManager.cs:270)
RL_TrainingManager:RefreshAgentList () (at C:/Users/RavaRazan/Downloads/Research Rava/Game-Thesis-Real-Time-RLAgents/Assets/Script/RL Scripts/Training/RL_TrainingManager.cs:195)
RL_TrainingManager/<ResetEpisodeCoroutine>d__23:MoveNext () (at C:/Users/RavaRazan/Downloads/Research Rava/Game-Thesis-Real-Time-RLAgents/Assets/Script/RL Scripts/Training/RL_TrainingManager.cs:139)
UnityEngine.SetupCoroutine:InvokeMoveNext (System.Collections.IEnumerator,intptr) (at C:/build/output/unity/unity/Runtime/Export/Scripting/Coroutines.cs:17)

(Filename: C:/Users/RavaRazan/Downloads/Research Rava/Game-Thesis-Real-Time-RLAgents/Assets/Script/RL Scripts/Training/RL_TrainingManager.cs Line: 270)

Episode reset complete. Active agents: 3
UnityEngine.Debug:ExtractStackTraceNoAlloc (byte*,int,string)
UnityEngine.StackTraceUtility:ExtractStackTrace () (at C:/build/output/unity/unity/Runtime/Export/Scripting/StackTrace.cs:37)
UnityEngine.DebugLogHandler:Internal_Log (UnityEngine.LogType,UnityEngine.LogOption,string,UnityEngine.Object)
UnityEngine.DebugLogHandler:LogFormat (UnityEngine.LogType,UnityEngine.Object,string,object[])
UnityEngine.Logger:Log (UnityEngine.LogType,object)
UnityEngine.Debug:Log (object)
RL_TrainingManager:LogDebug (string) (at C:/Users/RavaRazan/Downloads/Research Rava/Game-Thesis-Real-Time-RLAgents/Assets/Script/RL Scripts/Training/RL_TrainingManager.cs:270)
RL_TrainingManager/<ResetEpisodeCoroutine>d__23:MoveNext () (at C:/Users/RavaRazan/Downloads/Research Rava/Game-Thesis-Real-Time-RLAgents/Assets/Script/RL Scripts/Training/RL_TrainingManager.cs:140)
UnityEngine.SetupCoroutine:InvokeMoveNext (System.Collections.IEnumerator,intptr) (at C:/build/output/unity/unity/Runtime/Export/Scripting/Coroutines.cs:17)

(Filename: C:/Users/RavaRazan/Downloads/Research Rava/Game-Thesis-Real-Time-RLAgents/Assets/Script/RL Scripts/Training/RL_TrainingManager.cs Line: 270)

Starting new training episode...
UnityEngine.Debug:ExtractStackTraceNoAlloc (byte*,int,string)
UnityEngine.StackTraceUtility:ExtractStackTrace () (at C:/build/output/unity/unity/Runtime/Export/Scripting/StackTrace.cs:37)
UnityEngine.DebugLogHandler:Internal_Log (UnityEngine.LogType,UnityEngine.LogOption,string,UnityEngine.Object)
UnityEngine.DebugLogHandler:LogFormat (UnityEngine.LogType,UnityEngine.Object,string,object[])
UnityEngine.Logger:Log (UnityEngine.LogType,object)
UnityEngine.Debug:Log (object)
RL_TrainingManager:LogDebug (string) (at C:/Users/RavaRazan/Downloads/Research Rava/Game-Thesis-Real-Time-RLAgents/Assets/Script/RL Scripts/Training/RL_TrainingManager.cs:270)
RL_TrainingManager/<ResetEpisodeCoroutine>d__23:MoveNext () (at C:/Users/RavaRazan/Downloads/Research Rava/Game-Thesis-Real-Time-RLAgents/Assets/Script/RL Scripts/Training/RL_TrainingManager.cs:127)
UnityEngine.SetupCoroutine:InvokeMoveNext (System.Collections.IEnumerator,intptr) (at C:/build/output/unity/unity/Runtime/Export/Scripting/Coroutines.cs:17)
UnityEngine.MonoBehaviour:StartCoroutineManaged2 (System.Collections.IEnumerator)
UnityEngine.MonoBehaviour:StartCoroutine (System.Collections.IEnumerator) (at C:/build/output/unity/unity/Runtime/Export/Scripting/MonoBehaviour.bindings.cs:114)
RL_TrainingManager:HandleEnemyDeath () (at C:/Users/RavaRazan/Downloads/Research Rava/Game-Thesis-Real-Time-RLAgents/Assets/Script/RL Scripts/Training/RL_TrainingManager.cs:86)
NormalEnemyAgent:HandleEnemyDeath () (at C:/Users/RavaRazan/Downloads/Research Rava/Game-Thesis-Real-Time-RLAgents/Assets/Script/RL Scripts/Normal Enemy/NormalEnemyAgents.cs:867)
RL_EnemyController:HandleAgentDeath () (at C:/Users/RavaRazan/Downloads/Research Rava/Game-Thesis-Real-Time-RLAgents/Assets/Script/RL Scripts/Controller/RL_EnemyController.cs:793)
RL_EnemyController:HandleDeath () (at C:/Users/RavaRazan/Downloads/Research Rava/Game-Thesis-Real-Time-RLAgents/Assets/Script/RL Scripts/Controller/RL_EnemyController.cs:785)
RL_EnemyController:TakeDamage (int,UnityEngine.Vector3) (at C:/Users/RavaRazan/Downloads/Research Rava/Game-Thesis-Real-Time-RLAgents/Assets/Script/RL Scripts/Controller/RL_EnemyController.cs:635)
RL_PlayerController:DealDamageToEnemy (UnityEngine.Transform) (at C:/Users/RavaRazan/Downloads/Research Rava/Game-Thesis-Real-Time-RLAgents/Assets/Script/RL Scripts/Controller/RL_PlayerController.cs:289)
RL_PlayerController/<AttackSequence>d__43:MoveNext () (at C:/Users/RavaRazan/Downloads/Research Rava/Game-Thesis-Real-Time-RLAgents/Assets/Script/RL Scripts/Controller/RL_PlayerController.cs:240)
UnityEngine.SetupCoroutine:InvokeMoveNext (System.Collections.IEnumerator,intptr) (at C:/build/output/unity/unity/Runtime/Export/Scripting/Coroutines.cs:17)

(Filename: C:/Users/RavaRazan/Downloads/Research Rava/Game-Thesis-Real-Time-RLAgents/Assets/Script/RL Scripts/Training/RL_TrainingManager.cs Line: 270)

Refreshed agent list: Found 3 total agents (2 active)
UnityEngine.Debug:ExtractStackTraceNoAlloc (byte*,int,string)
UnityEngine.StackTraceUtility:ExtractStackTrace () (at C:/build/output/unity/unity/Runtime/Export/Scripting/StackTrace.cs:37)
UnityEngine.DebugLogHandler:Internal_Log (UnityEngine.LogType,UnityEngine.LogOption,string,UnityEngine.Object)
UnityEngine.DebugLogHandler:LogFormat (UnityEngine.LogType,UnityEngine.Object,string,object[])
UnityEngine.Logger:Log (UnityEngine.LogType,object)
UnityEngine.Debug:Log (object)
RL_TrainingManager:LogDebug (string) (at C:/Users/RavaRazan/Downloads/Research Rava/Game-Thesis-Real-Time-RLAgents/Assets/Script/RL Scripts/Training/RL_TrainingManager.cs:270)
RL_TrainingManager:RefreshAgentList () (at C:/Users/RavaRazan/Downloads/Research Rava/Game-Thesis-Real-Time-RLAgents/Assets/Script/RL Scripts/Training/RL_TrainingManager.cs:195)
RL_TrainingManager/<ResetEpisodeCoroutine>d__23:MoveNext () (at C:/Users/RavaRazan/Downloads/Research Rava/Game-Thesis-Real-Time-RLAgents/Assets/Script/RL Scripts/Training/RL_TrainingManager.cs:129)
UnityEngine.SetupCoroutine:InvokeMoveNext (System.Collections.IEnumerator,intptr) (at C:/build/output/unity/unity/Runtime/Export/Scripting/Coroutines.cs:17)
UnityEngine.MonoBehaviour:StartCoroutineManaged2 (System.Collections.IEnumerator)
UnityEngine.MonoBehaviour:StartCoroutine (System.Collections.IEnumerator) (at C:/build/output/unity/unity/Runtime/Export/Scripting/MonoBehaviour.bindings.cs:114)
RL_TrainingManager:HandleEnemyDeath () (at C:/Users/RavaRazan/Downloads/Research Rava/Game-Thesis-Real-Time-RLAgents/Assets/Script/RL Scripts/Training/RL_TrainingManager.cs:86)
NormalEnemyAgent:HandleEnemyDeath () (at C:/Users/RavaRazan/Downloads/Research Rava/Game-Thesis-Real-Time-RLAgents/Assets/Script/RL Scripts/Normal Enemy/NormalEnemyAgents.cs:867)
RL_EnemyController:HandleAgentDeath () (at C:/Users/RavaRazan/Downloads/Research Rava/Game-Thesis-Real-Time-RLAgents/Assets/Script/RL Scripts/Controller/RL_EnemyController.cs:793)
RL_EnemyController:HandleDeath () (at C:/Users/RavaRazan/Downloads/Research Rava/Game-Thesis-Real-Time-RLAgents/Assets/Script/RL Scripts/Controller/RL_EnemyController.cs:785)
RL_EnemyController:TakeDamage (int,UnityEngine.Vector3) (at C:/Users/RavaRazan/Downloads/Research Rava/Game-Thesis-Real-Time-RLAgents/Assets/Script/RL Scripts/Controller/RL_EnemyController.cs:635)
RL_PlayerController:DealDamageToEnemy (UnityEngine.Transform) (at C:/Users/RavaRazan/Downloads/Research Rava/Game-Thesis-Real-Time-RLAgents/Assets/Script/RL Scripts/Controller/RL_PlayerController.cs:289)
RL_PlayerController/<AttackSequence>d__43:MoveNext () (at C:/Users/RavaRazan/Downloads/Research Rava/Game-Thesis-Real-Time-RLAgents/Assets/Script/RL Scripts/Controller/RL_PlayerController.cs:240)
UnityEngine.SetupCoroutine:InvokeMoveNext (System.Collections.IEnumerator,intptr) (at C:/build/output/unity/unity/Runtime/Export/Scripting/Coroutines.cs:17)

(Filename: C:/Users/RavaRazan/Downloads/Research Rava/Game-Thesis-Real-Time-RLAgents/Assets/Script/RL Scripts/Training/RL_TrainingManager.cs Line: 270)

Configuring 1 target spawners - Spawning enabled: True
UnityEngine.Debug:ExtractStackTraceNoAlloc (byte*,int,string)
UnityEngine.StackTraceUtility:ExtractStackTrace () (at C:/build/output/unity/unity/Runtime/Export/Scripting/StackTrace.cs:37)
UnityEngine.DebugLogHandler:Internal_Log (UnityEngine.LogType,UnityEngine.LogOption,string,UnityEngine.Object)
UnityEngine.DebugLogHandler:LogFormat (UnityEngine.LogType,UnityEngine.Object,string,object[])
UnityEngine.Logger:Log (UnityEngine.LogType,object)
UnityEngine.Debug:Log (object)
RL_TrainingManager:LogDebug (string) (at C:/Users/RavaRazan/Downloads/Research Rava/Game-Thesis-Real-Time-RLAgents/Assets/Script/RL Scripts/Training/RL_TrainingManager.cs:270)
RL_TrainingManager:ConfigureAllTargetSpawners () (at C:/Users/RavaRazan/Downloads/Research Rava/Game-Thesis-Real-Time-RLAgents/Assets/Script/RL Scripts/Training/RL_TrainingManager.cs:226)
RL_TrainingManager/<ResetEpisodeCoroutine>d__23:MoveNext () (at C:/Users/RavaRazan/Downloads/Research Rava/Game-Thesis-Real-Time-RLAgents/Assets/Script/RL Scripts/Training/RL_TrainingManager.cs:132)
UnityEngine.SetupCoroutine:InvokeMoveNext (System.Collections.IEnumerator,intptr) (at C:/build/output/unity/unity/Runtime/Export/Scripting/Coroutines.cs:17)
UnityEngine.MonoBehaviour:StartCoroutineManaged2 (System.Collections.IEnumerator)
UnityEngine.MonoBehaviour:StartCoroutine (System.Collections.IEnumerator) (at C:/build/output/unity/unity/Runtime/Export/Scripting/MonoBehaviour.bindings.cs:114)
RL_TrainingManager:HandleEnemyDeath () (at C:/Users/RavaRazan/Downloads/Research Rava/Game-Thesis-Real-Time-RLAgents/Assets/Script/RL Scripts/Training/RL_TrainingManager.cs:86)
NormalEnemyAgent:HandleEnemyDeath () (at C:/Users/RavaRazan/Downloads/Research Rava/Game-Thesis-Real-Time-RLAgents/Assets/Script/RL Scripts/Normal Enemy/NormalEnemyAgents.cs:867)
RL_EnemyController:HandleAgentDeath () (at C:/Users/RavaRazan/Downloads/Research Rava/Game-Thesis-Real-Time-RLAgents/Assets/Script/RL Scripts/Controller/RL_EnemyController.cs:793)
RL_EnemyController:HandleDeath () (at C:/Users/RavaRazan/Downloads/Research Rava/Game-Thesis-Real-Time-RLAgents/Assets/Script/RL Scripts/Controller/RL_EnemyController.cs:785)
RL_EnemyController:TakeDamage (int,UnityEngine.Vector3) (at C:/Users/RavaRazan/Downloads/Research Rava/Game-Thesis-Real-Time-RLAgents/Assets/Script/RL Scripts/Controller/RL_EnemyController.cs:635)
RL_PlayerController:DealDamageToEnemy (UnityEngine.Transform) (at C:/Users/RavaRazan/Downloads/Research Rava/Game-Thesis-Real-Time-RLAgents/Assets/Script/RL Scripts/Controller/RL_PlayerController.cs:289)
RL_PlayerController/<AttackSequence>d__43:MoveNext () (at C:/Users/RavaRazan/Downloads/Research Rava/Game-Thesis-Real-Time-RLAgents/Assets/Script/RL Scripts/Controller/RL_PlayerController.cs:240)
UnityEngine.SetupCoroutine:InvokeMoveNext (System.Collections.IEnumerator,intptr) (at C:/build/output/unity/unity/Runtime/Export/Scripting/Coroutines.cs:17)

(Filename: C:/Users/RavaRazan/Downloads/Research Rava/Game-Thesis-Real-Time-RLAgents/Assets/Script/RL Scripts/Training/RL_TrainingManager.cs Line: 270)

Resetting 1 target spawners
UnityEngine.Debug:ExtractStackTraceNoAlloc (byte*,int,string)
UnityEngine.StackTraceUtility:ExtractStackTrace () (at C:/build/output/unity/unity/Runtime/Export/Scripting/StackTrace.cs:37)
UnityEngine.DebugLogHandler:Internal_Log (UnityEngine.LogType,UnityEngine.LogOption,string,UnityEngine.Object)
UnityEngine.DebugLogHandler:LogFormat (UnityEngine.LogType,UnityEngine.Object,string,object[])
UnityEngine.Logger:Log (UnityEngine.LogType,object)
UnityEngine.Debug:Log (object)
RL_TrainingManager:LogDebug (string) (at C:/Users/RavaRazan/Downloads/Research Rava/Game-Thesis-Real-Time-RLAgents/Assets/Script/RL Scripts/Training/RL_TrainingManager.cs:270)
RL_TrainingManager:ResetAllTargetSpawners () (at C:/Users/RavaRazan/Downloads/Research Rava/Game-Thesis-Real-Time-RLAgents/Assets/Script/RL Scripts/Training/RL_TrainingManager.cs:242)
RL_TrainingManager/<ResetEpisodeCoroutine>d__23:MoveNext () (at C:/Users/RavaRazan/Downloads/Research Rava/Game-Thesis-Real-Time-RLAgents/Assets/Script/RL Scripts/Training/RL_TrainingManager.cs:133)
UnityEngine.SetupCoroutine:InvokeMoveNext (System.Collections.IEnumerator,intptr) (at C:/build/output/unity/unity/Runtime/Export/Scripting/Coroutines.cs:17)
UnityEngine.MonoBehaviour:StartCoroutineManaged2 (System.Collections.IEnumerator)
UnityEngine.MonoBehaviour:StartCoroutine (System.Collections.IEnumerator) (at C:/build/output/unity/unity/Runtime/Export/Scripting/MonoBehaviour.bindings.cs:114)
RL_TrainingManager:HandleEnemyDeath () (at C:/Users/RavaRazan/Downloads/Research Rava/Game-Thesis-Real-Time-RLAgents/Assets/Script/RL Scripts/Training/RL_TrainingManager.cs:86)
NormalEnemyAgent:HandleEnemyDeath () (at C:/Users/RavaRazan/Downloads/Research Rava/Game-Thesis-Real-Time-RLAgents/Assets/Script/RL Scripts/Normal Enemy/NormalEnemyAgents.cs:867)
RL_EnemyController:HandleAgentDeath () (at C:/Users/RavaRazan/Downloads/Research Rava/Game-Thesis-Real-Time-RLAgents/Assets/Script/RL Scripts/Controller/RL_EnemyController.cs:793)
RL_EnemyController:HandleDeath () (at C:/Users/RavaRazan/Downloads/Research Rava/Game-Thesis-Real-Time-RLAgents/Assets/Script/RL Scripts/Controller/RL_EnemyController.cs:785)
RL_EnemyController:TakeDamage (int,UnityEngine.Vector3) (at C:/Users/RavaRazan/Downloads/Research Rava/Game-Thesis-Real-Time-RLAgents/Assets/Script/RL Scripts/Controller/RL_EnemyController.cs:635)
RL_PlayerController:DealDamageToEnemy (UnityEngine.Transform) (at C:/Users/RavaRazan/Downloads/Research Rava/Game-Thesis-Real-Time-RLAgents/Assets/Script/RL Scripts/Controller/RL_PlayerController.cs:289)
RL_PlayerController/<AttackSequence>d__43:MoveNext () (at C:/Users/RavaRazan/Downloads/Research Rava/Game-Thesis-Real-Time-RLAgents/Assets/Script/RL Scripts/Controller/RL_PlayerController.cs:240)
UnityEngine.SetupCoroutine:InvokeMoveNext (System.Collections.IEnumerator,intptr) (at C:/build/output/unity/unity/Runtime/Export/Scripting/Coroutines.cs:17)

(Filename: C:/Users/RavaRazan/Downloads/Research Rava/Game-Thesis-Real-Time-RLAgents/Assets/Script/RL Scripts/Training/RL_TrainingManager.cs Line: 270)

Refreshed agent list: Found 3 total agents (3 active)
UnityEngine.Debug:ExtractStackTraceNoAlloc (byte*,int,string)
UnityEngine.StackTraceUtility:ExtractStackTrace () (at C:/build/output/unity/unity/Runtime/Export/Scripting/StackTrace.cs:37)
UnityEngine.DebugLogHandler:Internal_Log (UnityEngine.LogType,UnityEngine.LogOption,string,UnityEngine.Object)
UnityEngine.DebugLogHandler:LogFormat (UnityEngine.LogType,UnityEngine.Object,string,object[])
UnityEngine.Logger:Log (UnityEngine.LogType,object)
UnityEngine.Debug:Log (object)
RL_TrainingManager:LogDebug (string) (at C:/Users/RavaRazan/Downloads/Research Rava/Game-Thesis-Real-Time-RLAgents/Assets/Script/RL Scripts/Training/RL_TrainingManager.cs:270)
RL_TrainingManager:RefreshAgentList () (at C:/Users/RavaRazan/Downloads/Research Rava/Game-Thesis-Real-Time-RLAgents/Assets/Script/RL Scripts/Training/RL_TrainingManager.cs:195)
RL_TrainingManager/<ResetEpisodeCoroutine>d__23:MoveNext () (at C:/Users/RavaRazan/Downloads/Research Rava/Game-Thesis-Real-Time-RLAgents/Assets/Script/RL Scripts/Training/RL_TrainingManager.cs:139)
UnityEngine.SetupCoroutine:InvokeMoveNext (System.Collections.IEnumerator,intptr) (at C:/build/output/unity/unity/Runtime/Export/Scripting/Coroutines.cs:17)

(Filename: C:/Users/RavaRazan/Downloads/Research Rava/Game-Thesis-Real-Time-RLAgents/Assets/Script/RL Scripts/Training/RL_TrainingManager.cs Line: 270)

Episode reset complete. Active agents: 3
UnityEngine.Debug:ExtractStackTraceNoAlloc (byte*,int,string)
UnityEngine.StackTraceUtility:ExtractStackTrace () (at C:/build/output/unity/unity/Runtime/Export/Scripting/StackTrace.cs:37)
UnityEngine.DebugLogHandler:Internal_Log (UnityEngine.LogType,UnityEngine.LogOption,string,UnityEngine.Object)
UnityEngine.DebugLogHandler:LogFormat (UnityEngine.LogType,UnityEngine.Object,string,object[])
UnityEngine.Logger:Log (UnityEngine.LogType,object)
UnityEngine.Debug:Log (object)
RL_TrainingManager:LogDebug (string) (at C:/Users/RavaRazan/Downloads/Research Rava/Game-Thesis-Real-Time-RLAgents/Assets/Script/RL Scripts/Training/RL_TrainingManager.cs:270)
RL_TrainingManager/<ResetEpisodeCoroutine>d__23:MoveNext () (at C:/Users/RavaRazan/Downloads/Research Rava/Game-Thesis-Real-Time-RLAgents/Assets/Script/RL Scripts/Training/RL_TrainingManager.cs:140)
UnityEngine.SetupCoroutine:InvokeMoveNext (System.Collections.IEnumerator,intptr) (at C:/build/output/unity/unity/Runtime/Export/Scripting/Coroutines.cs:17)

(Filename: C:/Users/RavaRazan/Downloads/Research Rava/Game-Thesis-Real-Time-RLAgents/Assets/Script/RL Scripts/Training/RL_TrainingManager.cs Line: 270)

Starting new training episode...
UnityEngine.Debug:ExtractStackTraceNoAlloc (byte*,int,string)
UnityEngine.StackTraceUtility:ExtractStackTrace () (at C:/build/output/unity/unity/Runtime/Export/Scripting/StackTrace.cs:37)
UnityEngine.DebugLogHandler:Internal_Log (UnityEngine.LogType,UnityEngine.LogOption,string,UnityEngine.Object)
UnityEngine.DebugLogHandler:LogFormat (UnityEngine.LogType,UnityEngine.Object,string,object[])
UnityEngine.Logger:Log (UnityEngine.LogType,object)
UnityEngine.Debug:Log (object)
RL_TrainingManager:LogDebug (string) (at C:/Users/RavaRazan/Downloads/Research Rava/Game-Thesis-Real-Time-RLAgents/Assets/Script/RL Scripts/Training/RL_TrainingManager.cs:270)
RL_TrainingManager/<ResetEpisodeCoroutine>d__23:MoveNext () (at C:/Users/RavaRazan/Downloads/Research Rava/Game-Thesis-Real-Time-RLAgents/Assets/Script/RL Scripts/Training/RL_TrainingManager.cs:127)
UnityEngine.SetupCoroutine:InvokeMoveNext (System.Collections.IEnumerator,intptr) (at C:/build/output/unity/unity/Runtime/Export/Scripting/Coroutines.cs:17)
UnityEngine.MonoBehaviour:StartCoroutineManaged2 (System.Collections.IEnumerator)
UnityEngine.MonoBehaviour:StartCoroutine (System.Collections.IEnumerator) (at C:/build/output/unity/unity/Runtime/Export/Scripting/MonoBehaviour.bindings.cs:114)
RL_TrainingManager:HandleEnemyDeath () (at C:/Users/RavaRazan/Downloads/Research Rava/Game-Thesis-Real-Time-RLAgents/Assets/Script/RL Scripts/Training/RL_TrainingManager.cs:86)
NormalEnemyAgent:HandleEnemyDeath () (at C:/Users/RavaRazan/Downloads/Research Rava/Game-Thesis-Real-Time-RLAgents/Assets/Script/RL Scripts/Normal Enemy/NormalEnemyAgents.cs:867)
RL_EnemyController:HandleAgentDeath () (at C:/Users/RavaRazan/Downloads/Research Rava/Game-Thesis-Real-Time-RLAgents/Assets/Script/RL Scripts/Controller/RL_EnemyController.cs:793)
RL_EnemyController:HandleDeath () (at C:/Users/RavaRazan/Downloads/Research Rava/Game-Thesis-Real-Time-RLAgents/Assets/Script/RL Scripts/Controller/RL_EnemyController.cs:785)
RL_EnemyController:TakeDamage (int,UnityEngine.Vector3) (at C:/Users/RavaRazan/Downloads/Research Rava/Game-Thesis-Real-Time-RLAgents/Assets/Script/RL Scripts/Controller/RL_EnemyController.cs:635)
RL_PlayerController:DealDamageToEnemy (UnityEngine.Transform) (at C:/Users/RavaRazan/Downloads/Research Rava/Game-Thesis-Real-Time-RLAgents/Assets/Script/RL Scripts/Controller/RL_PlayerController.cs:289)
RL_PlayerController/<AttackSequence>d__43:MoveNext () (at C:/Users/RavaRazan/Downloads/Research Rava/Game-Thesis-Real-Time-RLAgents/Assets/Script/RL Scripts/Controller/RL_PlayerController.cs:240)
UnityEngine.SetupCoroutine:InvokeMoveNext (System.Collections.IEnumerator,intptr) (at C:/build/output/unity/unity/Runtime/Export/Scripting/Coroutines.cs:17)

(Filename: C:/Users/RavaRazan/Downloads/Research Rava/Game-Thesis-Real-Time-RLAgents/Assets/Script/RL Scripts/Training/RL_TrainingManager.cs Line: 270)

Refreshed agent list: Found 3 total agents (2 active)
UnityEngine.Debug:ExtractStackTraceNoAlloc (byte*,int,string)
UnityEngine.StackTraceUtility:ExtractStackTrace () (at C:/build/output/unity/unity/Runtime/Export/Scripting/StackTrace.cs:37)
UnityEngine.DebugLogHandler:Internal_Log (UnityEngine.LogType,UnityEngine.LogOption,string,UnityEngine.Object)
UnityEngine.DebugLogHandler:LogFormat (UnityEngine.LogType,UnityEngine.Object,string,object[])
UnityEngine.Logger:Log (UnityEngine.LogType,object)
UnityEngine.Debug:Log (object)
RL_TrainingManager:LogDebug (string) (at C:/Users/RavaRazan/Downloads/Research Rava/Game-Thesis-Real-Time-RLAgents/Assets/Script/RL Scripts/Training/RL_TrainingManager.cs:270)
RL_TrainingManager:RefreshAgentList () (at C:/Users/RavaRazan/Downloads/Research Rava/Game-Thesis-Real-Time-RLAgents/Assets/Script/RL Scripts/Training/RL_TrainingManager.cs:195)
RL_TrainingManager/<ResetEpisodeCoroutine>d__23:MoveNext () (at C:/Users/RavaRazan/Downloads/Research Rava/Game-Thesis-Real-Time-RLAgents/Assets/Script/RL Scripts/Training/RL_TrainingManager.cs:129)
UnityEngine.SetupCoroutine:InvokeMoveNext (System.Collections.IEnumerator,intptr) (at C:/build/output/unity/unity/Runtime/Export/Scripting/Coroutines.cs:17)
UnityEngine.MonoBehaviour:StartCoroutineManaged2 (System.Collections.IEnumerator)
UnityEngine.MonoBehaviour:StartCoroutine (System.Collections.IEnumerator) (at C:/build/output/unity/unity/Runtime/Export/Scripting/MonoBehaviour.bindings.cs:114)
RL_TrainingManager:HandleEnemyDeath () (at C:/Users/RavaRazan/Downloads/Research Rava/Game-Thesis-Real-Time-RLAgents/Assets/Script/RL Scripts/Training/RL_TrainingManager.cs:86)
NormalEnemyAgent:HandleEnemyDeath () (at C:/Users/RavaRazan/Downloads/Research Rava/Game-Thesis-Real-Time-RLAgents/Assets/Script/RL Scripts/Normal Enemy/NormalEnemyAgents.cs:867)
RL_EnemyController:HandleAgentDeath () (at C:/Users/RavaRazan/Downloads/Research Rava/Game-Thesis-Real-Time-RLAgents/Assets/Script/RL Scripts/Controller/RL_EnemyController.cs:793)
RL_EnemyController:HandleDeath () (at C:/Users/RavaRazan/Downloads/Research Rava/Game-Thesis-Real-Time-RLAgents/Assets/Script/RL Scripts/Controller/RL_EnemyController.cs:785)
RL_EnemyController:TakeDamage (int,UnityEngine.Vector3) (at C:/Users/RavaRazan/Downloads/Research Rava/Game-Thesis-Real-Time-RLAgents/Assets/Script/RL Scripts/Controller/RL_EnemyController.cs:635)
RL_PlayerController:DealDamageToEnemy (UnityEngine.Transform) (at C:/Users/RavaRazan/Downloads/Research Rava/Game-Thesis-Real-Time-RLAgents/Assets/Script/RL Scripts/Controller/RL_PlayerController.cs:289)
RL_PlayerController/<AttackSequence>d__43:MoveNext () (at C:/Users/RavaRazan/Downloads/Research Rava/Game-Thesis-Real-Time-RLAgents/Assets/Script/RL Scripts/Controller/RL_PlayerController.cs:240)
UnityEngine.SetupCoroutine:InvokeMoveNext (System.Collections.IEnumerator,intptr) (at C:/build/output/unity/unity/Runtime/Export/Scripting/Coroutines.cs:17)

(Filename: C:/Users/RavaRazan/Downloads/Research Rava/Game-Thesis-Real-Time-RLAgents/Assets/Script/RL Scripts/Training/RL_TrainingManager.cs Line: 270)

Configuring 1 target spawners - Spawning enabled: True
UnityEngine.Debug:ExtractStackTraceNoAlloc (byte*,int,string)
UnityEngine.StackTraceUtility:ExtractStackTrace () (at C:/build/output/unity/unity/Runtime/Export/Scripting/StackTrace.cs:37)
UnityEngine.DebugLogHandler:Internal_Log (UnityEngine.LogType,UnityEngine.LogOption,string,UnityEngine.Object)
UnityEngine.DebugLogHandler:LogFormat (UnityEngine.LogType,UnityEngine.Object,string,object[])
UnityEngine.Logger:Log (UnityEngine.LogType,object)
UnityEngine.Debug:Log (object)
RL_TrainingManager:LogDebug (string) (at C:/Users/RavaRazan/Downloads/Research Rava/Game-Thesis-Real-Time-RLAgents/Assets/Script/RL Scripts/Training/RL_TrainingManager.cs:270)
RL_TrainingManager:ConfigureAllTargetSpawners () (at C:/Users/RavaRazan/Downloads/Research Rava/Game-Thesis-Real-Time-RLAgents/Assets/Script/RL Scripts/Training/RL_TrainingManager.cs:226)
RL_TrainingManager/<ResetEpisodeCoroutine>d__23:MoveNext () (at C:/Users/RavaRazan/Downloads/Research Rava/Game-Thesis-Real-Time-RLAgents/Assets/Script/RL Scripts/Training/RL_TrainingManager.cs:132)
UnityEngine.SetupCoroutine:InvokeMoveNext (System.Collections.IEnumerator,intptr) (at C:/build/output/unity/unity/Runtime/Export/Scripting/Coroutines.cs:17)
UnityEngine.MonoBehaviour:StartCoroutineManaged2 (System.Collections.IEnumerator)
UnityEngine.MonoBehaviour:StartCoroutine (System.Collections.IEnumerator) (at C:/build/output/unity/unity/Runtime/Export/Scripting/MonoBehaviour.bindings.cs:114)
RL_TrainingManager:HandleEnemyDeath () (at C:/Users/RavaRazan/Downloads/Research Rava/Game-Thesis-Real-Time-RLAgents/Assets/Script/RL Scripts/Training/RL_TrainingManager.cs:86)
NormalEnemyAgent:HandleEnemyDeath () (at C:/Users/RavaRazan/Downloads/Research Rava/Game-Thesis-Real-Time-RLAgents/Assets/Script/RL Scripts/Normal Enemy/NormalEnemyAgents.cs:867)
RL_EnemyController:HandleAgentDeath () (at C:/Users/RavaRazan/Downloads/Research Rava/Game-Thesis-Real-Time-RLAgents/Assets/Script/RL Scripts/Controller/RL_EnemyController.cs:793)
RL_EnemyController:HandleDeath () (at C:/Users/RavaRazan/Downloads/Research Rava/Game-Thesis-Real-Time-RLAgents/Assets/Script/RL Scripts/Controller/RL_EnemyController.cs:785)
RL_EnemyController:TakeDamage (int,UnityEngine.Vector3) (at C:/Users/RavaRazan/Downloads/Research Rava/Game-Thesis-Real-Time-RLAgents/Assets/Script/RL Scripts/Controller/RL_EnemyController.cs:635)
RL_PlayerController:DealDamageToEnemy (UnityEngine.Transform) (at C:/Users/RavaRazan/Downloads/Research Rava/Game-Thesis-Real-Time-RLAgents/Assets/Script/RL Scripts/Controller/RL_PlayerController.cs:289)
RL_PlayerController/<AttackSequence>d__43:MoveNext () (at C:/Users/RavaRazan/Downloads/Research Rava/Game-Thesis-Real-Time-RLAgents/Assets/Script/RL Scripts/Controller/RL_PlayerController.cs:240)
UnityEngine.SetupCoroutine:InvokeMoveNext (System.Collections.IEnumerator,intptr) (at C:/build/output/unity/unity/Runtime/Export/Scripting/Coroutines.cs:17)

(Filename: C:/Users/RavaRazan/Downloads/Research Rava/Game-Thesis-Real-Time-RLAgents/Assets/Script/RL Scripts/Training/RL_TrainingManager.cs Line: 270)

Resetting 1 target spawners
UnityEngine.Debug:ExtractStackTraceNoAlloc (byte*,int,string)
UnityEngine.StackTraceUtility:ExtractStackTrace () (at C:/build/output/unity/unity/Runtime/Export/Scripting/StackTrace.cs:37)
UnityEngine.DebugLogHandler:Internal_Log (UnityEngine.LogType,UnityEngine.LogOption,string,UnityEngine.Object)
UnityEngine.DebugLogHandler:LogFormat (UnityEngine.LogType,UnityEngine.Object,string,object[])
UnityEngine.Logger:Log (UnityEngine.LogType,object)
UnityEngine.Debug:Log (object)
RL_TrainingManager:LogDebug (string) (at C:/Users/RavaRazan/Downloads/Research Rava/Game-Thesis-Real-Time-RLAgents/Assets/Script/RL Scripts/Training/RL_TrainingManager.cs:270)
RL_TrainingManager:ResetAllTargetSpawners () (at C:/Users/RavaRazan/Downloads/Research Rava/Game-Thesis-Real-Time-RLAgents/Assets/Script/RL Scripts/Training/RL_TrainingManager.cs:242)
RL_TrainingManager/<ResetEpisodeCoroutine>d__23:MoveNext () (at C:/Users/RavaRazan/Downloads/Research Rava/Game-Thesis-Real-Time-RLAgents/Assets/Script/RL Scripts/Training/RL_TrainingManager.cs:133)
UnityEngine.SetupCoroutine:InvokeMoveNext (System.Collections.IEnumerator,intptr) (at C:/build/output/unity/unity/Runtime/Export/Scripting/Coroutines.cs:17)
UnityEngine.MonoBehaviour:StartCoroutineManaged2 (System.Collections.IEnumerator)
UnityEngine.MonoBehaviour:StartCoroutine (System.Collections.IEnumerator) (at C:/build/output/unity/unity/Runtime/Export/Scripting/MonoBehaviour.bindings.cs:114)
RL_TrainingManager:HandleEnemyDeath () (at C:/Users/RavaRazan/Downloads/Research Rava/Game-Thesis-Real-Time-RLAgents/Assets/Script/RL Scripts/Training/RL_TrainingManager.cs:86)
NormalEnemyAgent:HandleEnemyDeath () (at C:/Users/RavaRazan/Downloads/Research Rava/Game-Thesis-Real-Time-RLAgents/Assets/Script/RL Scripts/Normal Enemy/NormalEnemyAgents.cs:867)
RL_EnemyController:HandleAgentDeath () (at C:/Users/RavaRazan/Downloads/Research Rava/Game-Thesis-Real-Time-RLAgents/Assets/Script/RL Scripts/Controller/RL_EnemyController.cs:793)
RL_EnemyController:HandleDeath () (at C:/Users/RavaRazan/Downloads/Research Rava/Game-Thesis-Real-Time-RLAgents/Assets/Script/RL Scripts/Controller/RL_EnemyController.cs:785)
RL_EnemyController:TakeDamage (int,UnityEngine.Vector3) (at C:/Users/RavaRazan/Downloads/Research Rava/Game-Thesis-Real-Time-RLAgents/Assets/Script/RL Scripts/Controller/RL_EnemyController.cs:635)
RL_PlayerController:DealDamageToEnemy (UnityEngine.Transform) (at C:/Users/RavaRazan/Downloads/Research Rava/Game-Thesis-Real-Time-RLAgents/Assets/Script/RL Scripts/Controller/RL_PlayerController.cs:289)
RL_PlayerController/<AttackSequence>d__43:MoveNext () (at C:/Users/RavaRazan/Downloads/Research Rava/Game-Thesis-Real-Time-RLAgents/Assets/Script/RL Scripts/Controller/RL_PlayerController.cs:240)
UnityEngine.SetupCoroutine:InvokeMoveNext (System.Collections.IEnumerator,intptr) (at C:/build/output/unity/unity/Runtime/Export/Scripting/Coroutines.cs:17)

(Filename: C:/Users/RavaRazan/Downloads/Research Rava/Game-Thesis-Real-Time-RLAgents/Assets/Script/RL Scripts/Training/RL_TrainingManager.cs Line: 270)

Refreshed agent list: Found 3 total agents (3 active)
UnityEngine.Debug:ExtractStackTraceNoAlloc (byte*,int,string)
UnityEngine.StackTraceUtility:ExtractStackTrace () (at C:/build/output/unity/unity/Runtime/Export/Scripting/StackTrace.cs:37)
UnityEngine.DebugLogHandler:Internal_Log (UnityEngine.LogType,UnityEngine.LogOption,string,UnityEngine.Object)
UnityEngine.DebugLogHandler:LogFormat (UnityEngine.LogType,UnityEngine.Object,string,object[])
UnityEngine.Logger:Log (UnityEngine.LogType,object)
UnityEngine.Debug:Log (object)
RL_TrainingManager:LogDebug (string) (at C:/Users/RavaRazan/Downloads/Research Rava/Game-Thesis-Real-Time-RLAgents/Assets/Script/RL Scripts/Training/RL_TrainingManager.cs:270)
RL_TrainingManager:RefreshAgentList () (at C:/Users/RavaRazan/Downloads/Research Rava/Game-Thesis-Real-Time-RLAgents/Assets/Script/RL Scripts/Training/RL_TrainingManager.cs:195)
RL_TrainingManager/<ResetEpisodeCoroutine>d__23:MoveNext () (at C:/Users/RavaRazan/Downloads/Research Rava/Game-Thesis-Real-Time-RLAgents/Assets/Script/RL Scripts/Training/RL_TrainingManager.cs:139)
UnityEngine.SetupCoroutine:InvokeMoveNext (System.Collections.IEnumerator,intptr) (at C:/build/output/unity/unity/Runtime/Export/Scripting/Coroutines.cs:17)

(Filename: C:/Users/RavaRazan/Downloads/Research Rava/Game-Thesis-Real-Time-RLAgents/Assets/Script/RL Scripts/Training/RL_TrainingManager.cs Line: 270)

Episode reset complete. Active agents: 3
UnityEngine.Debug:ExtractStackTraceNoAlloc (byte*,int,string)
UnityEngine.StackTraceUtility:ExtractStackTrace () (at C:/build/output/unity/unity/Runtime/Export/Scripting/StackTrace.cs:37)
UnityEngine.DebugLogHandler:Internal_Log (UnityEngine.LogType,UnityEngine.LogOption,string,UnityEngine.Object)
UnityEngine.DebugLogHandler:LogFormat (UnityEngine.LogType,UnityEngine.Object,string,object[])
UnityEngine.Logger:Log (UnityEngine.LogType,object)
UnityEngine.Debug:Log (object)
RL_TrainingManager:LogDebug (string) (at C:/Users/RavaRazan/Downloads/Research Rava/Game-Thesis-Real-Time-RLAgents/Assets/Script/RL Scripts/Training/RL_TrainingManager.cs:270)
RL_TrainingManager/<ResetEpisodeCoroutine>d__23:MoveNext () (at C:/Users/RavaRazan/Downloads/Research Rava/Game-Thesis-Real-Time-RLAgents/Assets/Script/RL Scripts/Training/RL_TrainingManager.cs:140)
UnityEngine.SetupCoroutine:InvokeMoveNext (System.Collections.IEnumerator,intptr) (at C:/build/output/unity/unity/Runtime/Export/Scripting/Coroutines.cs:17)

(Filename: C:/Users/RavaRazan/Downloads/Research Rava/Game-Thesis-Real-Time-RLAgents/Assets/Script/RL Scripts/Training/RL_TrainingManager.cs Line: 270)

Patrol loop 1 completed. Starting idle period at Patrol Point A
UnityEngine.Debug:ExtractStackTraceNoAlloc (byte*,int,string)
UnityEngine.StackTraceUtility:ExtractStackTrace () (at C:/build/output/unity/unity/Runtime/Export/Scripting/StackTrace.cs:37)
UnityEngine.DebugLogHandler:Internal_Log (UnityEngine.LogType,UnityEngine.LogOption,string,UnityEngine.Object)
UnityEngine.DebugLogHandler:LogFormat (UnityEngine.LogType,UnityEngine.Object,string,object[])
UnityEngine.Logger:Log (UnityEngine.LogType,object)
UnityEngine.Debug:Log (object)
NormalEnemyActions/PatrolSystem:AdvanceToNextWaypoint () (at C:/Users/RavaRazan/Downloads/Research Rava/Game-Thesis-Real-Time-RLAgents/Assets/Script/RL Scripts/Normal Enemy/NormalEnemyActions.cs:200)
NormalEnemyAgent:HandlePatrolState (single,single,single) (at C:/Users/RavaRazan/Downloads/Research Rava/Game-Thesis-Real-Time-RLAgents/Assets/Script/RL Scripts/Normal Enemy/NormalEnemyAgents.cs:591)
NormalEnemyAgent:ProcessActions (Unity.MLAgents.Actuators.ActionBuffers) (at C:/Users/RavaRazan/Downloads/Research Rava/Game-Thesis-Real-Time-RLAgents/Assets/Script/RL Scripts/Normal Enemy/NormalEnemyAgents.cs:503)
NormalEnemyAgent:OnActionReceived (Unity.MLAgents.Actuators.ActionBuffers) (at C:/Users/RavaRazan/Downloads/Research Rava/Game-Thesis-Real-Time-RLAgents/Assets/Script/RL Scripts/Normal Enemy/NormalEnemyAgents.cs:273)
Unity.MLAgents.Actuators.VectorActuator:OnActionReceived (Unity.MLAgents.Actuators.ActionBuffers) (at ./Library/PackageCache/com.unity.ml-agents@0f918b8a6271/Runtime/Actuators/VectorActuator.cs:76)
Unity.MLAgents.Actuators.ActuatorManager:ExecuteActions () (at ./Library/PackageCache/com.unity.ml-agents@0f918b8a6271/Runtime/Actuators/ActuatorManager.cs:295)
Unity.MLAgents.Agent:AgentStep () (at ./Library/PackageCache/com.unity.ml-agents@0f918b8a6271/Runtime/Agent.cs:1395)
Unity.MLAgents.Academy:EnvironmentStep () (at ./Library/PackageCache/com.unity.ml-agents@0f918b8a6271/Runtime/Academy.cs:602)
Unity.MLAgents.AcademyFixedUpdateStepper:FixedUpdate () (at ./Library/PackageCache/com.unity.ml-agents@0f918b8a6271/Runtime/Academy.cs:43)

(Filename: C:/Users/RavaRazan/Downloads/Research Rava/Game-Thesis-Real-Time-RLAgents/Assets/Script/RL Scripts/Normal Enemy/NormalEnemyActions.cs Line: 200)

Patrol loop 1 completed. Starting idle period at Patrol Point A
UnityEngine.Debug:ExtractStackTraceNoAlloc (byte*,int,string)
UnityEngine.StackTraceUtility:ExtractStackTrace () (at C:/build/output/unity/unity/Runtime/Export/Scripting/StackTrace.cs:37)
UnityEngine.DebugLogHandler:Internal_Log (UnityEngine.LogType,UnityEngine.LogOption,string,UnityEngine.Object)
UnityEngine.DebugLogHandler:LogFormat (UnityEngine.LogType,UnityEngine.Object,string,object[])
UnityEngine.Logger:Log (UnityEngine.LogType,object)
UnityEngine.Debug:Log (object)
NormalEnemyActions/PatrolSystem:AdvanceToNextWaypoint () (at C:/Users/RavaRazan/Downloads/Research Rava/Game-Thesis-Real-Time-RLAgents/Assets/Script/RL Scripts/Normal Enemy/NormalEnemyActions.cs:200)
NormalEnemyAgent:HandlePatrolState (single,single,single) (at C:/Users/RavaRazan/Downloads/Research Rava/Game-Thesis-Real-Time-RLAgents/Assets/Script/RL Scripts/Normal Enemy/NormalEnemyAgents.cs:591)
NormalEnemyAgent:ProcessActions (Unity.MLAgents.Actuators.ActionBuffers) (at C:/Users/RavaRazan/Downloads/Research Rava/Game-Thesis-Real-Time-RLAgents/Assets/Script/RL Scripts/Normal Enemy/NormalEnemyAgents.cs:503)
NormalEnemyAgent:OnActionReceived (Unity.MLAgents.Actuators.ActionBuffers) (at C:/Users/RavaRazan/Downloads/Research Rava/Game-Thesis-Real-Time-RLAgents/Assets/Script/RL Scripts/Normal Enemy/NormalEnemyAgents.cs:273)
Unity.MLAgents.Actuators.VectorActuator:OnActionReceived (Unity.MLAgents.Actuators.ActionBuffers) (at ./Library/PackageCache/com.unity.ml-agents@0f918b8a6271/Runtime/Actuators/VectorActuator.cs:76)
Unity.MLAgents.Actuators.ActuatorManager:ExecuteActions () (at ./Library/PackageCache/com.unity.ml-agents@0f918b8a6271/Runtime/Actuators/ActuatorManager.cs:295)
Unity.MLAgents.Agent:AgentStep () (at ./Library/PackageCache/com.unity.ml-agents@0f918b8a6271/Runtime/Agent.cs:1395)
Unity.MLAgents.Academy:EnvironmentStep () (at ./Library/PackageCache/com.unity.ml-agents@0f918b8a6271/Runtime/Academy.cs:602)
Unity.MLAgents.AcademyFixedUpdateStepper:FixedUpdate () (at ./Library/PackageCache/com.unity.ml-agents@0f918b8a6271/Runtime/Academy.cs:43)

(Filename: C:/Users/RavaRazan/Downloads/Research Rava/Game-Thesis-Real-Time-RLAgents/Assets/Script/RL Scripts/Normal Enemy/NormalEnemyActions.cs Line: 200)

Starting new training episode...
UnityEngine.Debug:ExtractStackTraceNoAlloc (byte*,int,string)
UnityEngine.StackTraceUtility:ExtractStackTrace () (at C:/build/output/unity/unity/Runtime/Export/Scripting/StackTrace.cs:37)
UnityEngine.DebugLogHandler:Internal_Log (UnityEngine.LogType,UnityEngine.LogOption,string,UnityEngine.Object)
UnityEngine.DebugLogHandler:LogFormat (UnityEngine.LogType,UnityEngine.Object,string,object[])
UnityEngine.Logger:Log (UnityEngine.LogType,object)
UnityEngine.Debug:Log (object)
RL_TrainingManager:LogDebug (string) (at C:/Users/RavaRazan/Downloads/Research Rava/Game-Thesis-Real-Time-RLAgents/Assets/Script/RL Scripts/Training/RL_TrainingManager.cs:270)
RL_TrainingManager/<ResetEpisodeCoroutine>d__23:MoveNext () (at C:/Users/RavaRazan/Downloads/Research Rava/Game-Thesis-Real-Time-RLAgents/Assets/Script/RL Scripts/Training/RL_TrainingManager.cs:127)
UnityEngine.SetupCoroutine:InvokeMoveNext (System.Collections.IEnumerator,intptr) (at C:/build/output/unity/unity/Runtime/Export/Scripting/Coroutines.cs:17)
UnityEngine.MonoBehaviour:StartCoroutineManaged2 (System.Collections.IEnumerator)
UnityEngine.MonoBehaviour:StartCoroutine (System.Collections.IEnumerator) (at C:/build/output/unity/unity/Runtime/Export/Scripting/MonoBehaviour.bindings.cs:114)
RL_TrainingManager:HandleEnemyDeath () (at C:/Users/RavaRazan/Downloads/Research Rava/Game-Thesis-Real-Time-RLAgents/Assets/Script/RL Scripts/Training/RL_TrainingManager.cs:86)
NormalEnemyAgent:HandleEnemyDeath () (at C:/Users/RavaRazan/Downloads/Research Rava/Game-Thesis-Real-Time-RLAgents/Assets/Script/RL Scripts/Normal Enemy/NormalEnemyAgents.cs:867)
RL_EnemyController:HandleAgentDeath () (at C:/Users/RavaRazan/Downloads/Research Rava/Game-Thesis-Real-Time-RLAgents/Assets/Script/RL Scripts/Controller/RL_EnemyController.cs:793)
RL_EnemyController:HandleDeath () (at C:/Users/RavaRazan/Downloads/Research Rava/Game-Thesis-Real-Time-RLAgents/Assets/Script/RL Scripts/Controller/RL_EnemyController.cs:785)
RL_EnemyController:TakeDamage (int,UnityEngine.Vector3) (at C:/Users/RavaRazan/Downloads/Research Rava/Game-Thesis-Real-Time-RLAgents/Assets/Script/RL Scripts/Controller/RL_EnemyController.cs:635)
RL_PlayerController:DealDamageToEnemy (UnityEngine.Transform) (at C:/Users/RavaRazan/Downloads/Research Rava/Game-Thesis-Real-Time-RLAgents/Assets/Script/RL Scripts/Controller/RL_PlayerController.cs:289)
RL_PlayerController/<AttackSequence>d__43:MoveNext () (at C:/Users/RavaRazan/Downloads/Research Rava/Game-Thesis-Real-Time-RLAgents/Assets/Script/RL Scripts/Controller/RL_PlayerController.cs:240)
UnityEngine.SetupCoroutine:InvokeMoveNext (System.Collections.IEnumerator,intptr) (at C:/build/output/unity/unity/Runtime/Export/Scripting/Coroutines.cs:17)

(Filename: C:/Users/RavaRazan/Downloads/Research Rava/Game-Thesis-Real-Time-RLAgents/Assets/Script/RL Scripts/Training/RL_TrainingManager.cs Line: 270)

Refreshed agent list: Found 3 total agents (2 active)
UnityEngine.Debug:ExtractStackTraceNoAlloc (byte*,int,string)
UnityEngine.StackTraceUtility:ExtractStackTrace () (at C:/build/output/unity/unity/Runtime/Export/Scripting/StackTrace.cs:37)
UnityEngine.DebugLogHandler:Internal_Log (UnityEngine.LogType,UnityEngine.LogOption,string,UnityEngine.Object)
UnityEngine.DebugLogHandler:LogFormat (UnityEngine.LogType,UnityEngine.Object,string,object[])
UnityEngine.Logger:Log (UnityEngine.LogType,object)
UnityEngine.Debug:Log (object)
RL_TrainingManager:LogDebug (string) (at C:/Users/RavaRazan/Downloads/Research Rava/Game-Thesis-Real-Time-RLAgents/Assets/Script/RL Scripts/Training/RL_TrainingManager.cs:270)
RL_TrainingManager:RefreshAgentList () (at C:/Users/RavaRazan/Downloads/Research Rava/Game-Thesis-Real-Time-RLAgents/Assets/Script/RL Scripts/Training/RL_TrainingManager.cs:195)
RL_TrainingManager/<ResetEpisodeCoroutine>d__23:MoveNext () (at C:/Users/RavaRazan/Downloads/Research Rava/Game-Thesis-Real-Time-RLAgents/Assets/Script/RL Scripts/Training/RL_TrainingManager.cs:129)
UnityEngine.SetupCoroutine:InvokeMoveNext (System.Collections.IEnumerator,intptr) (at C:/build/output/unity/unity/Runtime/Export/Scripting/Coroutines.cs:17)
UnityEngine.MonoBehaviour:StartCoroutineManaged2 (System.Collections.IEnumerator)
UnityEngine.MonoBehaviour:StartCoroutine (System.Collections.IEnumerator) (at C:/build/output/unity/unity/Runtime/Export/Scripting/MonoBehaviour.bindings.cs:114)
RL_TrainingManager:HandleEnemyDeath () (at C:/Users/RavaRazan/Downloads/Research Rava/Game-Thesis-Real-Time-RLAgents/Assets/Script/RL Scripts/Training/RL_TrainingManager.cs:86)
NormalEnemyAgent:HandleEnemyDeath () (at C:/Users/RavaRazan/Downloads/Research Rava/Game-Thesis-Real-Time-RLAgents/Assets/Script/RL Scripts/Normal Enemy/NormalEnemyAgents.cs:867)
RL_EnemyController:HandleAgentDeath () (at C:/Users/RavaRazan/Downloads/Research Rava/Game-Thesis-Real-Time-RLAgents/Assets/Script/RL Scripts/Controller/RL_EnemyController.cs:793)
RL_EnemyController:HandleDeath () (at C:/Users/RavaRazan/Downloads/Research Rava/Game-Thesis-Real-Time-RLAgents/Assets/Script/RL Scripts/Controller/RL_EnemyController.cs:785)
RL_EnemyController:TakeDamage (int,UnityEngine.Vector3) (at C:/Users/RavaRazan/Downloads/Research Rava/Game-Thesis-Real-Time-RLAgents/Assets/Script/RL Scripts/Controller/RL_EnemyController.cs:635)
RL_PlayerController:DealDamageToEnemy (UnityEngine.Transform) (at C:/Users/RavaRazan/Downloads/Research Rava/Game-Thesis-Real-Time-RLAgents/Assets/Script/RL Scripts/Controller/RL_PlayerController.cs:289)
RL_PlayerController/<AttackSequence>d__43:MoveNext () (at C:/Users/RavaRazan/Downloads/Research Rava/Game-Thesis-Real-Time-RLAgents/Assets/Script/RL Scripts/Controller/RL_PlayerController.cs:240)
UnityEngine.SetupCoroutine:InvokeMoveNext (System.Collections.IEnumerator,intptr) (at C:/build/output/unity/unity/Runtime/Export/Scripting/Coroutines.cs:17)

(Filename: C:/Users/RavaRazan/Downloads/Research Rava/Game-Thesis-Real-Time-RLAgents/Assets/Script/RL Scripts/Training/RL_TrainingManager.cs Line: 270)

Configuring 1 target spawners - Spawning enabled: True
UnityEngine.Debug:ExtractStackTraceNoAlloc (byte*,int,string)
UnityEngine.StackTraceUtility:ExtractStackTrace () (at C:/build/output/unity/unity/Runtime/Export/Scripting/StackTrace.cs:37)
UnityEngine.DebugLogHandler:Internal_Log (UnityEngine.LogType,UnityEngine.LogOption,string,UnityEngine.Object)
UnityEngine.DebugLogHandler:LogFormat (UnityEngine.LogType,UnityEngine.Object,string,object[])
UnityEngine.Logger:Log (UnityEngine.LogType,object)
UnityEngine.Debug:Log (object)
RL_TrainingManager:LogDebug (string) (at C:/Users/RavaRazan/Downloads/Research Rava/Game-Thesis-Real-Time-RLAgents/Assets/Script/RL Scripts/Training/RL_TrainingManager.cs:270)
RL_TrainingManager:ConfigureAllTargetSpawners () (at C:/Users/RavaRazan/Downloads/Research Rava/Game-Thesis-Real-Time-RLAgents/Assets/Script/RL Scripts/Training/RL_TrainingManager.cs:226)
RL_TrainingManager/<ResetEpisodeCoroutine>d__23:MoveNext () (at C:/Users/RavaRazan/Downloads/Research Rava/Game-Thesis-Real-Time-RLAgents/Assets/Script/RL Scripts/Training/RL_TrainingManager.cs:132)
UnityEngine.SetupCoroutine:InvokeMoveNext (System.Collections.IEnumerator,intptr) (at C:/build/output/unity/unity/Runtime/Export/Scripting/Coroutines.cs:17)
UnityEngine.MonoBehaviour:StartCoroutineManaged2 (System.Collections.IEnumerator)
UnityEngine.MonoBehaviour:StartCoroutine (System.Collections.IEnumerator) (at C:/build/output/unity/unity/Runtime/Export/Scripting/MonoBehaviour.bindings.cs:114)
RL_TrainingManager:HandleEnemyDeath () (at C:/Users/RavaRazan/Downloads/Research Rava/Game-Thesis-Real-Time-RLAgents/Assets/Script/RL Scripts/Training/RL_TrainingManager.cs:86)
NormalEnemyAgent:HandleEnemyDeath () (at C:/Users/RavaRazan/Downloads/Research Rava/Game-Thesis-Real-Time-RLAgents/Assets/Script/RL Scripts/Normal Enemy/NormalEnemyAgents.cs:867)
RL_EnemyController:HandleAgentDeath () (at C:/Users/RavaRazan/Downloads/Research Rava/Game-Thesis-Real-Time-RLAgents/Assets/Script/RL Scripts/Controller/RL_EnemyController.cs:793)
RL_EnemyController:HandleDeath () (at C:/Users/RavaRazan/Downloads/Research Rava/Game-Thesis-Real-Time-RLAgents/Assets/Script/RL Scripts/Controller/RL_EnemyController.cs:785)
RL_EnemyController:TakeDamage (int,UnityEngine.Vector3) (at C:/Users/RavaRazan/Downloads/Research Rava/Game-Thesis-Real-Time-RLAgents/Assets/Script/RL Scripts/Controller/RL_EnemyController.cs:635)
RL_PlayerController:DealDamageToEnemy (UnityEngine.Transform) (at C:/Users/RavaRazan/Downloads/Research Rava/Game-Thesis-Real-Time-RLAgents/Assets/Script/RL Scripts/Controller/RL_PlayerController.cs:289)
RL_PlayerController/<AttackSequence>d__43:MoveNext () (at C:/Users/RavaRazan/Downloads/Research Rava/Game-Thesis-Real-Time-RLAgents/Assets/Script/RL Scripts/Controller/RL_PlayerController.cs:240)
UnityEngine.SetupCoroutine:InvokeMoveNext (System.Collections.IEnumerator,intptr) (at C:/build/output/unity/unity/Runtime/Export/Scripting/Coroutines.cs:17)

(Filename: C:/Users/RavaRazan/Downloads/Research Rava/Game-Thesis-Real-Time-RLAgents/Assets/Script/RL Scripts/Training/RL_TrainingManager.cs Line: 270)

Resetting 1 target spawners
UnityEngine.Debug:ExtractStackTraceNoAlloc (byte*,int,string)
UnityEngine.StackTraceUtility:ExtractStackTrace () (at C:/build/output/unity/unity/Runtime/Export/Scripting/StackTrace.cs:37)
UnityEngine.DebugLogHandler:Internal_Log (UnityEngine.LogType,UnityEngine.LogOption,string,UnityEngine.Object)
UnityEngine.DebugLogHandler:LogFormat (UnityEngine.LogType,UnityEngine.Object,string,object[])
UnityEngine.Logger:Log (UnityEngine.LogType,object)
UnityEngine.Debug:Log (object)
RL_TrainingManager:LogDebug (string) (at C:/Users/RavaRazan/Downloads/Research Rava/Game-Thesis-Real-Time-RLAgents/Assets/Script/RL Scripts/Training/RL_TrainingManager.cs:270)
RL_TrainingManager:ResetAllTargetSpawners () (at C:/Users/RavaRazan/Downloads/Research Rava/Game-Thesis-Real-Time-RLAgents/Assets/Script/RL Scripts/Training/RL_TrainingManager.cs:242)
RL_TrainingManager/<ResetEpisodeCoroutine>d__23:MoveNext () (at C:/Users/RavaRazan/Downloads/Research Rava/Game-Thesis-Real-Time-RLAgents/Assets/Script/RL Scripts/Training/RL_TrainingManager.cs:133)
UnityEngine.SetupCoroutine:InvokeMoveNext (System.Collections.IEnumerator,intptr) (at C:/build/output/unity/unity/Runtime/Export/Scripting/Coroutines.cs:17)
UnityEngine.MonoBehaviour:StartCoroutineManaged2 (System.Collections.IEnumerator)
UnityEngine.MonoBehaviour:StartCoroutine (System.Collections.IEnumerator) (at C:/build/output/unity/unity/Runtime/Export/Scripting/MonoBehaviour.bindings.cs:114)
RL_TrainingManager:HandleEnemyDeath () (at C:/Users/RavaRazan/Downloads/Research Rava/Game-Thesis-Real-Time-RLAgents/Assets/Script/RL Scripts/Training/RL_TrainingManager.cs:86)
NormalEnemyAgent:HandleEnemyDeath () (at C:/Users/RavaRazan/Downloads/Research Rava/Game-Thesis-Real-Time-RLAgents/Assets/Script/RL Scripts/Normal Enemy/NormalEnemyAgents.cs:867)
RL_EnemyController:HandleAgentDeath () (at C:/Users/RavaRazan/Downloads/Research Rava/Game-Thesis-Real-Time-RLAgents/Assets/Script/RL Scripts/Controller/RL_EnemyController.cs:793)
RL_EnemyController:HandleDeath () (at C:/Users/RavaRazan/Downloads/Research Rava/Game-Thesis-Real-Time-RLAgents/Assets/Script/RL Scripts/Controller/RL_EnemyController.cs:785)
RL_EnemyController:TakeDamage (int,UnityEngine.Vector3) (at C:/Users/RavaRazan/Downloads/Research Rava/Game-Thesis-Real-Time-RLAgents/Assets/Script/RL Scripts/Controller/RL_EnemyController.cs:635)
RL_PlayerController:DealDamageToEnemy (UnityEngine.Transform) (at C:/Users/RavaRazan/Downloads/Research Rava/Game-Thesis-Real-Time-RLAgents/Assets/Script/RL Scripts/Controller/RL_PlayerController.cs:289)
RL_PlayerController/<AttackSequence>d__43:MoveNext () (at C:/Users/RavaRazan/Downloads/Research Rava/Game-Thesis-Real-Time-RLAgents/Assets/Script/RL Scripts/Controller/RL_PlayerController.cs:240)
UnityEngine.SetupCoroutine:InvokeMoveNext (System.Collections.IEnumerator,intptr) (at C:/build/output/unity/unity/Runtime/Export/Scripting/Coroutines.cs:17)

(Filename: C:/Users/RavaRazan/Downloads/Research Rava/Game-Thesis-Real-Time-RLAgents/Assets/Script/RL Scripts/Training/RL_TrainingManager.cs Line: 270)

Refreshed agent list: Found 3 total agents (3 active)
UnityEngine.Debug:ExtractStackTraceNoAlloc (byte*,int,string)
UnityEngine.StackTraceUtility:ExtractStackTrace () (at C:/build/output/unity/unity/Runtime/Export/Scripting/StackTrace.cs:37)
UnityEngine.DebugLogHandler:Internal_Log (UnityEngine.LogType,UnityEngine.LogOption,string,UnityEngine.Object)
UnityEngine.DebugLogHandler:LogFormat (UnityEngine.LogType,UnityEngine.Object,string,object[])
UnityEngine.Logger:Log (UnityEngine.LogType,object)
UnityEngine.Debug:Log (object)
RL_TrainingManager:LogDebug (string) (at C:/Users/RavaRazan/Downloads/Research Rava/Game-Thesis-Real-Time-RLAgents/Assets/Script/RL Scripts/Training/RL_TrainingManager.cs:270)
RL_TrainingManager:RefreshAgentList () (at C:/Users/RavaRazan/Downloads/Research Rava/Game-Thesis-Real-Time-RLAgents/Assets/Script/RL Scripts/Training/RL_TrainingManager.cs:195)
RL_TrainingManager/<ResetEpisodeCoroutine>d__23:MoveNext () (at C:/Users/RavaRazan/Downloads/Research Rava/Game-Thesis-Real-Time-RLAgents/Assets/Script/RL Scripts/Training/RL_TrainingManager.cs:139)
UnityEngine.SetupCoroutine:InvokeMoveNext (System.Collections.IEnumerator,intptr) (at C:/build/output/unity/unity/Runtime/Export/Scripting/Coroutines.cs:17)

(Filename: C:/Users/RavaRazan/Downloads/Research Rava/Game-Thesis-Real-Time-RLAgents/Assets/Script/RL Scripts/Training/RL_TrainingManager.cs Line: 270)

Episode reset complete. Active agents: 3
UnityEngine.Debug:ExtractStackTraceNoAlloc (byte*,int,string)
UnityEngine.StackTraceUtility:ExtractStackTrace () (at C:/build/output/unity/unity/Runtime/Export/Scripting/StackTrace.cs:37)
UnityEngine.DebugLogHandler:Internal_Log (UnityEngine.LogType,UnityEngine.LogOption,string,UnityEngine.Object)
UnityEngine.DebugLogHandler:LogFormat (UnityEngine.LogType,UnityEngine.Object,string,object[])
UnityEngine.Logger:Log (UnityEngine.LogType,object)
UnityEngine.Debug:Log (object)
RL_TrainingManager:LogDebug (string) (at C:/Users/RavaRazan/Downloads/Research Rava/Game-Thesis-Real-Time-RLAgents/Assets/Script/RL Scripts/Training/RL_TrainingManager.cs:270)
RL_TrainingManager/<ResetEpisodeCoroutine>d__23:MoveNext () (at C:/Users/RavaRazan/Downloads/Research Rava/Game-Thesis-Real-Time-RLAgents/Assets/Script/RL Scripts/Training/RL_TrainingManager.cs:140)
UnityEngine.SetupCoroutine:InvokeMoveNext (System.Collections.IEnumerator,intptr) (at C:/build/output/unity/unity/Runtime/Export/Scripting/Coroutines.cs:17)

(Filename: C:/Users/RavaRazan/Downloads/Research Rava/Game-Thesis-Real-Time-RLAgents/Assets/Script/RL Scripts/Training/RL_TrainingManager.cs Line: 270)

Patrol loop 1 completed. Starting idle period at Patrol Point A
UnityEngine.Debug:ExtractStackTraceNoAlloc (byte*,int,string)
UnityEngine.StackTraceUtility:ExtractStackTrace () (at C:/build/output/unity/unity/Runtime/Export/Scripting/StackTrace.cs:37)
UnityEngine.DebugLogHandler:Internal_Log (UnityEngine.LogType,UnityEngine.LogOption,string,UnityEngine.Object)
UnityEngine.DebugLogHandler:LogFormat (UnityEngine.LogType,UnityEngine.Object,string,object[])
UnityEngine.Logger:Log (UnityEngine.LogType,object)
UnityEngine.Debug:Log (object)
NormalEnemyActions/PatrolSystem:AdvanceToNextWaypoint () (at C:/Users/RavaRazan/Downloads/Research Rava/Game-Thesis-Real-Time-RLAgents/Assets/Script/RL Scripts/Normal Enemy/NormalEnemyActions.cs:200)
NormalEnemyAgent:HandlePatrolState (single,single,single) (at C:/Users/RavaRazan/Downloads/Research Rava/Game-Thesis-Real-Time-RLAgents/Assets/Script/RL Scripts/Normal Enemy/NormalEnemyAgents.cs:591)
NormalEnemyAgent:ProcessActions (Unity.MLAgents.Actuators.ActionBuffers) (at C:/Users/RavaRazan/Downloads/Research Rava/Game-Thesis-Real-Time-RLAgents/Assets/Script/RL Scripts/Normal Enemy/NormalEnemyAgents.cs:503)
NormalEnemyAgent:OnActionReceived (Unity.MLAgents.Actuators.ActionBuffers) (at C:/Users/RavaRazan/Downloads/Research Rava/Game-Thesis-Real-Time-RLAgents/Assets/Script/RL Scripts/Normal Enemy/NormalEnemyAgents.cs:273)
Unity.MLAgents.Actuators.VectorActuator:OnActionReceived (Unity.MLAgents.Actuators.ActionBuffers) (at ./Library/PackageCache/com.unity.ml-agents@0f918b8a6271/Runtime/Actuators/VectorActuator.cs:76)
Unity.MLAgents.Actuators.ActuatorManager:ExecuteActions () (at ./Library/PackageCache/com.unity.ml-agents@0f918b8a6271/Runtime/Actuators/ActuatorManager.cs:295)
Unity.MLAgents.Agent:AgentStep () (at ./Library/PackageCache/com.unity.ml-agents@0f918b8a6271/Runtime/Agent.cs:1395)
Unity.MLAgents.Academy:EnvironmentStep () (at ./Library/PackageCache/com.unity.ml-agents@0f918b8a6271/Runtime/Academy.cs:602)
Unity.MLAgents.AcademyFixedUpdateStepper:FixedUpdate () (at ./Library/PackageCache/com.unity.ml-agents@0f918b8a6271/Runtime/Academy.cs:43)

(Filename: C:/Users/RavaRazan/Downloads/Research Rava/Game-Thesis-Real-Time-RLAgents/Assets/Script/RL Scripts/Normal Enemy/NormalEnemyActions.cs Line: 200)

Patrol loop 1 completed. Starting idle period at Patrol Point A
UnityEngine.Debug:ExtractStackTraceNoAlloc (byte*,int,string)
UnityEngine.StackTraceUtility:ExtractStackTrace () (at C:/build/output/unity/unity/Runtime/Export/Scripting/StackTrace.cs:37)
UnityEngine.DebugLogHandler:Internal_Log (UnityEngine.LogType,UnityEngine.LogOption,string,UnityEngine.Object)
UnityEngine.DebugLogHandler:LogFormat (UnityEngine.LogType,UnityEngine.Object,string,object[])
UnityEngine.Logger:Log (UnityEngine.LogType,object)
UnityEngine.Debug:Log (object)
NormalEnemyActions/PatrolSystem:AdvanceToNextWaypoint () (at C:/Users/RavaRazan/Downloads/Research Rava/Game-Thesis-Real-Time-RLAgents/Assets/Script/RL Scripts/Normal Enemy/NormalEnemyActions.cs:200)
NormalEnemyAgent:HandlePatrolState (single,single,single) (at C:/Users/RavaRazan/Downloads/Research Rava/Game-Thesis-Real-Time-RLAgents/Assets/Script/RL Scripts/Normal Enemy/NormalEnemyAgents.cs:591)
NormalEnemyAgent:ProcessActions (Unity.MLAgents.Actuators.ActionBuffers) (at C:/Users/RavaRazan/Downloads/Research Rava/Game-Thesis-Real-Time-RLAgents/Assets/Script/RL Scripts/Normal Enemy/NormalEnemyAgents.cs:503)
NormalEnemyAgent:OnActionReceived (Unity.MLAgents.Actuators.ActionBuffers) (at C:/Users/RavaRazan/Downloads/Research Rava/Game-Thesis-Real-Time-RLAgents/Assets/Script/RL Scripts/Normal Enemy/NormalEnemyAgents.cs:273)
Unity.MLAgents.Actuators.VectorActuator:OnActionReceived (Unity.MLAgents.Actuators.ActionBuffers) (at ./Library/PackageCache/com.unity.ml-agents@0f918b8a6271/Runtime/Actuators/VectorActuator.cs:76)
Unity.MLAgents.Actuators.ActuatorManager:ExecuteActions () (at ./Library/PackageCache/com.unity.ml-agents@0f918b8a6271/Runtime/Actuators/ActuatorManager.cs:295)
Unity.MLAgents.Agent:AgentStep () (at ./Library/PackageCache/com.unity.ml-agents@0f918b8a6271/Runtime/Agent.cs:1395)
Unity.MLAgents.Academy:EnvironmentStep () (at ./Library/PackageCache/com.unity.ml-agents@0f918b8a6271/Runtime/Academy.cs:602)
Unity.MLAgents.AcademyFixedUpdateStepper:FixedUpdate () (at ./Library/PackageCache/com.unity.ml-agents@0f918b8a6271/Runtime/Academy.cs:43)

(Filename: C:/Users/RavaRazan/Downloads/Research Rava/Game-Thesis-Real-Time-RLAgents/Assets/Script/RL Scripts/Normal Enemy/NormalEnemyActions.cs Line: 200)

Patrol loop 1 completed. Starting idle period at Patrol Point A
UnityEngine.Debug:ExtractStackTraceNoAlloc (byte*,int,string)
UnityEngine.StackTraceUtility:ExtractStackTrace () (at C:/build/output/unity/unity/Runtime/Export/Scripting/StackTrace.cs:37)
UnityEngine.DebugLogHandler:Internal_Log (UnityEngine.LogType,UnityEngine.LogOption,string,UnityEngine.Object)
UnityEngine.DebugLogHandler:LogFormat (UnityEngine.LogType,UnityEngine.Object,string,object[])
UnityEngine.Logger:Log (UnityEngine.LogType,object)
UnityEngine.Debug:Log (object)
NormalEnemyActions/PatrolSystem:AdvanceToNextWaypoint () (at C:/Users/RavaRazan/Downloads/Research Rava/Game-Thesis-Real-Time-RLAgents/Assets/Script/RL Scripts/Normal Enemy/NormalEnemyActions.cs:200)
NormalEnemyAgent:HandlePatrolState (single,single,single) (at C:/Users/RavaRazan/Downloads/Research Rava/Game-Thesis-Real-Time-RLAgents/Assets/Script/RL Scripts/Normal Enemy/NormalEnemyAgents.cs:591)
NormalEnemyAgent:ProcessActions (Unity.MLAgents.Actuators.ActionBuffers) (at C:/Users/RavaRazan/Downloads/Research Rava/Game-Thesis-Real-Time-RLAgents/Assets/Script/RL Scripts/Normal Enemy/NormalEnemyAgents.cs:503)
NormalEnemyAgent:OnActionReceived (Unity.MLAgents.Actuators.ActionBuffers) (at C:/Users/RavaRazan/Downloads/Research Rava/Game-Thesis-Real-Time-RLAgents/Assets/Script/RL Scripts/Normal Enemy/NormalEnemyAgents.cs:273)
Unity.MLAgents.Actuators.VectorActuator:OnActionReceived (Unity.MLAgents.Actuators.ActionBuffers) (at ./Library/PackageCache/com.unity.ml-agents@0f918b8a6271/Runtime/Actuators/VectorActuator.cs:76)
Unity.MLAgents.Actuators.ActuatorManager:ExecuteActions () (at ./Library/PackageCache/com.unity.ml-agents@0f918b8a6271/Runtime/Actuators/ActuatorManager.cs:295)
Unity.MLAgents.Agent:AgentStep () (at ./Library/PackageCache/com.unity.ml-agents@0f918b8a6271/Runtime/Agent.cs:1395)
Unity.MLAgents.Academy:EnvironmentStep () (at ./Library/PackageCache/com.unity.ml-agents@0f918b8a6271/Runtime/Academy.cs:602)
Unity.MLAgents.AcademyFixedUpdateStepper:FixedUpdate () (at ./Library/PackageCache/com.unity.ml-agents@0f918b8a6271/Runtime/Academy.cs:43)

(Filename: C:/Users/RavaRazan/Downloads/Research Rava/Game-Thesis-Real-Time-RLAgents/Assets/Script/RL Scripts/Normal Enemy/NormalEnemyActions.cs Line: 200)

Starting new training episode...
UnityEngine.Debug:ExtractStackTraceNoAlloc (byte*,int,string)
UnityEngine.StackTraceUtility:ExtractStackTrace () (at C:/build/output/unity/unity/Runtime/Export/Scripting/StackTrace.cs:37)
UnityEngine.DebugLogHandler:Internal_Log (UnityEngine.LogType,UnityEngine.LogOption,string,UnityEngine.Object)
UnityEngine.DebugLogHandler:LogFormat (UnityEngine.LogType,UnityEngine.Object,string,object[])
UnityEngine.Logger:Log (UnityEngine.LogType,object)
UnityEngine.Debug:Log (object)
RL_TrainingManager:LogDebug (string) (at C:/Users/RavaRazan/Downloads/Research Rava/Game-Thesis-Real-Time-RLAgents/Assets/Script/RL Scripts/Training/RL_TrainingManager.cs:270)
RL_TrainingManager/<ResetEpisodeCoroutine>d__23:MoveNext () (at C:/Users/RavaRazan/Downloads/Research Rava/Game-Thesis-Real-Time-RLAgents/Assets/Script/RL Scripts/Training/RL_TrainingManager.cs:127)
UnityEngine.SetupCoroutine:InvokeMoveNext (System.Collections.IEnumerator,intptr) (at C:/build/output/unity/unity/Runtime/Export/Scripting/Coroutines.cs:17)
UnityEngine.MonoBehaviour:StartCoroutineManaged2 (System.Collections.IEnumerator)
UnityEngine.MonoBehaviour:StartCoroutine (System.Collections.IEnumerator) (at C:/build/output/unity/unity/Runtime/Export/Scripting/MonoBehaviour.bindings.cs:114)
RL_TrainingManager:HandleEnemyDeath () (at C:/Users/RavaRazan/Downloads/Research Rava/Game-Thesis-Real-Time-RLAgents/Assets/Script/RL Scripts/Training/RL_TrainingManager.cs:86)
NormalEnemyAgent:HandleEnemyDeath () (at C:/Users/RavaRazan/Downloads/Research Rava/Game-Thesis-Real-Time-RLAgents/Assets/Script/RL Scripts/Normal Enemy/NormalEnemyAgents.cs:867)
RL_EnemyController:HandleAgentDeath () (at C:/Users/RavaRazan/Downloads/Research Rava/Game-Thesis-Real-Time-RLAgents/Assets/Script/RL Scripts/Controller/RL_EnemyController.cs:793)
RL_EnemyController:HandleDeath () (at C:/Users/RavaRazan/Downloads/Research Rava/Game-Thesis-Real-Time-RLAgents/Assets/Script/RL Scripts/Controller/RL_EnemyController.cs:785)
RL_EnemyController:TakeDamage (int,UnityEngine.Vector3) (at C:/Users/RavaRazan/Downloads/Research Rava/Game-Thesis-Real-Time-RLAgents/Assets/Script/RL Scripts/Controller/RL_EnemyController.cs:635)
RL_PlayerController:DealDamageToEnemy (UnityEngine.Transform) (at C:/Users/RavaRazan/Downloads/Research Rava/Game-Thesis-Real-Time-RLAgents/Assets/Script/RL Scripts/Controller/RL_PlayerController.cs:289)
RL_PlayerController/<AttackSequence>d__43:MoveNext () (at C:/Users/RavaRazan/Downloads/Research Rava/Game-Thesis-Real-Time-RLAgents/Assets/Script/RL Scripts/Controller/RL_PlayerController.cs:240)
UnityEngine.SetupCoroutine:InvokeMoveNext (System.Collections.IEnumerator,intptr) (at C:/build/output/unity/unity/Runtime/Export/Scripting/Coroutines.cs:17)

(Filename: C:/Users/RavaRazan/Downloads/Research Rava/Game-Thesis-Real-Time-RLAgents/Assets/Script/RL Scripts/Training/RL_TrainingManager.cs Line: 270)

Refreshed agent list: Found 3 total agents (2 active)
UnityEngine.Debug:ExtractStackTraceNoAlloc (byte*,int,string)
UnityEngine.StackTraceUtility:ExtractStackTrace () (at C:/build/output/unity/unity/Runtime/Export/Scripting/StackTrace.cs:37)
UnityEngine.DebugLogHandler:Internal_Log (UnityEngine.LogType,UnityEngine.LogOption,string,UnityEngine.Object)
UnityEngine.DebugLogHandler:LogFormat (UnityEngine.LogType,UnityEngine.Object,string,object[])
UnityEngine.Logger:Log (UnityEngine.LogType,object)
UnityEngine.Debug:Log (object)
RL_TrainingManager:LogDebug (string) (at C:/Users/RavaRazan/Downloads/Research Rava/Game-Thesis-Real-Time-RLAgents/Assets/Script/RL Scripts/Training/RL_TrainingManager.cs:270)
RL_TrainingManager:RefreshAgentList () (at C:/Users/RavaRazan/Downloads/Research Rava/Game-Thesis-Real-Time-RLAgents/Assets/Script/RL Scripts/Training/RL_TrainingManager.cs:195)
RL_TrainingManager/<ResetEpisodeCoroutine>d__23:MoveNext () (at C:/Users/RavaRazan/Downloads/Research Rava/Game-Thesis-Real-Time-RLAgents/Assets/Script/RL Scripts/Training/RL_TrainingManager.cs:129)
UnityEngine.SetupCoroutine:InvokeMoveNext (System.Collections.IEnumerator,intptr) (at C:/build/output/unity/unity/Runtime/Export/Scripting/Coroutines.cs:17)
UnityEngine.MonoBehaviour:StartCoroutineManaged2 (System.Collections.IEnumerator)
UnityEngine.MonoBehaviour:StartCoroutine (System.Collections.IEnumerator) (at C:/build/output/unity/unity/Runtime/Export/Scripting/MonoBehaviour.bindings.cs:114)
RL_TrainingManager:HandleEnemyDeath () (at C:/Users/RavaRazan/Downloads/Research Rava/Game-Thesis-Real-Time-RLAgents/Assets/Script/RL Scripts/Training/RL_TrainingManager.cs:86)
NormalEnemyAgent:HandleEnemyDeath () (at C:/Users/RavaRazan/Downloads/Research Rava/Game-Thesis-Real-Time-RLAgents/Assets/Script/RL Scripts/Normal Enemy/NormalEnemyAgents.cs:867)
RL_EnemyController:HandleAgentDeath () (at C:/Users/RavaRazan/Downloads/Research Rava/Game-Thesis-Real-Time-RLAgents/Assets/Script/RL Scripts/Controller/RL_EnemyController.cs:793)
RL_EnemyController:HandleDeath () (at C:/Users/RavaRazan/Downloads/Research Rava/Game-Thesis-Real-Time-RLAgents/Assets/Script/RL Scripts/Controller/RL_EnemyController.cs:785)
RL_EnemyController:TakeDamage (int,UnityEngine.Vector3) (at C:/Users/RavaRazan/Downloads/Research Rava/Game-Thesis-Real-Time-RLAgents/Assets/Script/RL Scripts/Controller/RL_EnemyController.cs:635)
RL_PlayerController:DealDamageToEnemy (UnityEngine.Transform) (at C:/Users/RavaRazan/Downloads/Research Rava/Game-Thesis-Real-Time-RLAgents/Assets/Script/RL Scripts/Controller/RL_PlayerController.cs:289)
RL_PlayerController/<AttackSequence>d__43:MoveNext () (at C:/Users/RavaRazan/Downloads/Research Rava/Game-Thesis-Real-Time-RLAgents/Assets/Script/RL Scripts/Controller/RL_PlayerController.cs:240)
UnityEngine.SetupCoroutine:InvokeMoveNext (System.Collections.IEnumerator,intptr) (at C:/build/output/unity/unity/Runtime/Export/Scripting/Coroutines.cs:17)

(Filename: C:/Users/RavaRazan/Downloads/Research Rava/Game-Thesis-Real-Time-RLAgents/Assets/Script/RL Scripts/Training/RL_TrainingManager.cs Line: 270)

Configuring 1 target spawners - Spawning enabled: True
UnityEngine.Debug:ExtractStackTraceNoAlloc (byte*,int,string)
UnityEngine.StackTraceUtility:ExtractStackTrace () (at C:/build/output/unity/unity/Runtime/Export/Scripting/StackTrace.cs:37)
UnityEngine.DebugLogHandler:Internal_Log (UnityEngine.LogType,UnityEngine.LogOption,string,UnityEngine.Object)
UnityEngine.DebugLogHandler:LogFormat (UnityEngine.LogType,UnityEngine.Object,string,object[])
UnityEngine.Logger:Log (UnityEngine.LogType,object)
UnityEngine.Debug:Log (object)
RL_TrainingManager:LogDebug (string) (at C:/Users/RavaRazan/Downloads/Research Rava/Game-Thesis-Real-Time-RLAgents/Assets/Script/RL Scripts/Training/RL_TrainingManager.cs:270)
RL_TrainingManager:ConfigureAllTargetSpawners () (at C:/Users/RavaRazan/Downloads/Research Rava/Game-Thesis-Real-Time-RLAgents/Assets/Script/RL Scripts/Training/RL_TrainingManager.cs:226)
RL_TrainingManager/<ResetEpisodeCoroutine>d__23:MoveNext () (at C:/Users/RavaRazan/Downloads/Research Rava/Game-Thesis-Real-Time-RLAgents/Assets/Script/RL Scripts/Training/RL_TrainingManager.cs:132)
UnityEngine.SetupCoroutine:InvokeMoveNext (System.Collections.IEnumerator,intptr) (at C:/build/output/unity/unity/Runtime/Export/Scripting/Coroutines.cs:17)
UnityEngine.MonoBehaviour:StartCoroutineManaged2 (System.Collections.IEnumerator)
UnityEngine.MonoBehaviour:StartCoroutine (System.Collections.IEnumerator) (at C:/build/output/unity/unity/Runtime/Export/Scripting/MonoBehaviour.bindings.cs:114)
RL_TrainingManager:HandleEnemyDeath () (at C:/Users/RavaRazan/Downloads/Research Rava/Game-Thesis-Real-Time-RLAgents/Assets/Script/RL Scripts/Training/RL_TrainingManager.cs:86)
NormalEnemyAgent:HandleEnemyDeath () (at C:/Users/RavaRazan/Downloads/Research Rava/Game-Thesis-Real-Time-RLAgents/Assets/Script/RL Scripts/Normal Enemy/NormalEnemyAgents.cs:867)
RL_EnemyController:HandleAgentDeath () (at C:/Users/RavaRazan/Downloads/Research Rava/Game-Thesis-Real-Time-RLAgents/Assets/Script/RL Scripts/Controller/RL_EnemyController.cs:793)
RL_EnemyController:HandleDeath () (at C:/Users/RavaRazan/Downloads/Research Rava/Game-Thesis-Real-Time-RLAgents/Assets/Script/RL Scripts/Controller/RL_EnemyController.cs:785)
RL_EnemyController:TakeDamage (int,UnityEngine.Vector3) (at C:/Users/RavaRazan/Downloads/Research Rava/Game-Thesis-Real-Time-RLAgents/Assets/Script/RL Scripts/Controller/RL_EnemyController.cs:635)
RL_PlayerController:DealDamageToEnemy (UnityEngine.Transform) (at C:/Users/RavaRazan/Downloads/Research Rava/Game-Thesis-Real-Time-RLAgents/Assets/Script/RL Scripts/Controller/RL_PlayerController.cs:289)
RL_PlayerController/<AttackSequence>d__43:MoveNext () (at C:/Users/RavaRazan/Downloads/Research Rava/Game-Thesis-Real-Time-RLAgents/Assets/Script/RL Scripts/Controller/RL_PlayerController.cs:240)
UnityEngine.SetupCoroutine:InvokeMoveNext (System.Collections.IEnumerator,intptr) (at C:/build/output/unity/unity/Runtime/Export/Scripting/Coroutines.cs:17)

(Filename: C:/Users/RavaRazan/Downloads/Research Rava/Game-Thesis-Real-Time-RLAgents/Assets/Script/RL Scripts/Training/RL_TrainingManager.cs Line: 270)

Resetting 1 target spawners
UnityEngine.Debug:ExtractStackTraceNoAlloc (byte*,int,string)
UnityEngine.StackTraceUtility:ExtractStackTrace () (at C:/build/output/unity/unity/Runtime/Export/Scripting/StackTrace.cs:37)
UnityEngine.DebugLogHandler:Internal_Log (UnityEngine.LogType,UnityEngine.LogOption,string,UnityEngine.Object)
UnityEngine.DebugLogHandler:LogFormat (UnityEngine.LogType,UnityEngine.Object,string,object[])
UnityEngine.Logger:Log (UnityEngine.LogType,object)
UnityEngine.Debug:Log (object)
RL_TrainingManager:LogDebug (string) (at C:/Users/RavaRazan/Downloads/Research Rava/Game-Thesis-Real-Time-RLAgents/Assets/Script/RL Scripts/Training/RL_TrainingManager.cs:270)
RL_TrainingManager:ResetAllTargetSpawners () (at C:/Users/RavaRazan/Downloads/Research Rava/Game-Thesis-Real-Time-RLAgents/Assets/Script/RL Scripts/Training/RL_TrainingManager.cs:242)
RL_TrainingManager/<ResetEpisodeCoroutine>d__23:MoveNext () (at C:/Users/RavaRazan/Downloads/Research Rava/Game-Thesis-Real-Time-RLAgents/Assets/Script/RL Scripts/Training/RL_TrainingManager.cs:133)
UnityEngine.SetupCoroutine:InvokeMoveNext (System.Collections.IEnumerator,intptr) (at C:/build/output/unity/unity/Runtime/Export/Scripting/Coroutines.cs:17)
UnityEngine.MonoBehaviour:StartCoroutineManaged2 (System.Collections.IEnumerator)
UnityEngine.MonoBehaviour:StartCoroutine (System.Collections.IEnumerator) (at C:/build/output/unity/unity/Runtime/Export/Scripting/MonoBehaviour.bindings.cs:114)
RL_TrainingManager:HandleEnemyDeath () (at C:/Users/RavaRazan/Downloads/Research Rava/Game-Thesis-Real-Time-RLAgents/Assets/Script/RL Scripts/Training/RL_TrainingManager.cs:86)
NormalEnemyAgent:HandleEnemyDeath () (at C:/Users/RavaRazan/Downloads/Research Rava/Game-Thesis-Real-Time-RLAgents/Assets/Script/RL Scripts/Normal Enemy/NormalEnemyAgents.cs:867)
RL_EnemyController:HandleAgentDeath () (at C:/Users/RavaRazan/Downloads/Research Rava/Game-Thesis-Real-Time-RLAgents/Assets/Script/RL Scripts/Controller/RL_EnemyController.cs:793)
RL_EnemyController:HandleDeath () (at C:/Users/RavaRazan/Downloads/Research Rava/Game-Thesis-Real-Time-RLAgents/Assets/Script/RL Scripts/Controller/RL_EnemyController.cs:785)
RL_EnemyController:TakeDamage (int,UnityEngine.Vector3) (at C:/Users/RavaRazan/Downloads/Research Rava/Game-Thesis-Real-Time-RLAgents/Assets/Script/RL Scripts/Controller/RL_EnemyController.cs:635)
RL_PlayerController:DealDamageToEnemy (UnityEngine.Transform) (at C:/Users/RavaRazan/Downloads/Research Rava/Game-Thesis-Real-Time-RLAgents/Assets/Script/RL Scripts/Controller/RL_PlayerController.cs:289)
RL_PlayerController/<AttackSequence>d__43:MoveNext () (at C:/Users/RavaRazan/Downloads/Research Rava/Game-Thesis-Real-Time-RLAgents/Assets/Script/RL Scripts/Controller/RL_PlayerController.cs:240)
UnityEngine.SetupCoroutine:InvokeMoveNext (System.Collections.IEnumerator,intptr) (at C:/build/output/unity/unity/Runtime/Export/Scripting/Coroutines.cs:17)

(Filename: C:/Users/RavaRazan/Downloads/Research Rava/Game-Thesis-Real-Time-RLAgents/Assets/Script/RL Scripts/Training/RL_TrainingManager.cs Line: 270)

Refreshed agent list: Found 3 total agents (3 active)
UnityEngine.Debug:ExtractStackTraceNoAlloc (byte*,int,string)
UnityEngine.StackTraceUtility:ExtractStackTrace () (at C:/build/output/unity/unity/Runtime/Export/Scripting/StackTrace.cs:37)
UnityEngine.DebugLogHandler:Internal_Log (UnityEngine.LogType,UnityEngine.LogOption,string,UnityEngine.Object)
UnityEngine.DebugLogHandler:LogFormat (UnityEngine.LogType,UnityEngine.Object,string,object[])
UnityEngine.Logger:Log (UnityEngine.LogType,object)
UnityEngine.Debug:Log (object)
RL_TrainingManager:LogDebug (string) (at C:/Users/RavaRazan/Downloads/Research Rava/Game-Thesis-Real-Time-RLAgents/Assets/Script/RL Scripts/Training/RL_TrainingManager.cs:270)
RL_TrainingManager:RefreshAgentList () (at C:/Users/RavaRazan/Downloads/Research Rava/Game-Thesis-Real-Time-RLAgents/Assets/Script/RL Scripts/Training/RL_TrainingManager.cs:195)
RL_TrainingManager/<ResetEpisodeCoroutine>d__23:MoveNext () (at C:/Users/RavaRazan/Downloads/Research Rava/Game-Thesis-Real-Time-RLAgents/Assets/Script/RL Scripts/Training/RL_TrainingManager.cs:139)
UnityEngine.SetupCoroutine:InvokeMoveNext (System.Collections.IEnumerator,intptr) (at C:/build/output/unity/unity/Runtime/Export/Scripting/Coroutines.cs:17)

(Filename: C:/Users/RavaRazan/Downloads/Research Rava/Game-Thesis-Real-Time-RLAgents/Assets/Script/RL Scripts/Training/RL_TrainingManager.cs Line: 270)

Episode reset complete. Active agents: 3
UnityEngine.Debug:ExtractStackTraceNoAlloc (byte*,int,string)
UnityEngine.StackTraceUtility:ExtractStackTrace () (at C:/build/output/unity/unity/Runtime/Export/Scripting/StackTrace.cs:37)
UnityEngine.DebugLogHandler:Internal_Log (UnityEngine.LogType,UnityEngine.LogOption,string,UnityEngine.Object)
UnityEngine.DebugLogHandler:LogFormat (UnityEngine.LogType,UnityEngine.Object,string,object[])
UnityEngine.Logger:Log (UnityEngine.LogType,object)
UnityEngine.Debug:Log (object)
RL_TrainingManager:LogDebug (string) (at C:/Users/RavaRazan/Downloads/Research Rava/Game-Thesis-Real-Time-RLAgents/Assets/Script/RL Scripts/Training/RL_TrainingManager.cs:270)
RL_TrainingManager/<ResetEpisodeCoroutine>d__23:MoveNext () (at C:/Users/RavaRazan/Downloads/Research Rava/Game-Thesis-Real-Time-RLAgents/Assets/Script/RL Scripts/Training/RL_TrainingManager.cs:140)
UnityEngine.SetupCoroutine:InvokeMoveNext (System.Collections.IEnumerator,intptr) (at C:/build/output/unity/unity/Runtime/Export/Scripting/Coroutines.cs:17)

(Filename: C:/Users/RavaRazan/Downloads/Research Rava/Game-Thesis-Real-Time-RLAgents/Assets/Script/RL Scripts/Training/RL_TrainingManager.cs Line: 270)

Unable to save timers to file C:/Users/RavaRazan/Downloads/Research Rava/Game-Thesis-Real-Time-RLAgents/Builds/Code Crusader_Data\ML-Agents\Timers\Training Normal Enemy_timers.json
UnityEngine.Debug:ExtractStackTraceNoAlloc (byte*,int,string)
UnityEngine.StackTraceUtility:ExtractStackTrace () (at C:/build/output/unity/unity/Runtime/Export/Scripting/StackTrace.cs:37)
UnityEngine.DebugLogHandler:Internal_Log (UnityEngine.LogType,UnityEngine.LogOption,string,UnityEngine.Object)
UnityEngine.DebugLogHandler:LogFormat (UnityEngine.LogType,UnityEngine.Object,string,object[])
UnityEngine.Logger:Log (UnityEngine.LogType,object)
UnityEngine.Debug:LogWarning (object)
Unity.MLAgents.TimerStack:SaveJsonTimers (string) (at ./Library/PackageCache/com.unity.ml-agents@0f918b8a6271/Runtime/Timer.cs:513)
Unity.MLAgents.Academy:Dispose () (at ./Library/PackageCache/com.unity.ml-agents@0f918b8a6271/Runtime/Academy.cs:674)
UnityEngine.Application:Internal_ApplicationQuit () (at C:/build/output/unity/unity/Runtime/Export/Application/Application.cs:370)

(Filename: ./Library/PackageCache/com.unity.ml-agents@0f918b8a6271/Runtime/Timer.cs Line: 513)

[Physics::Module] Cleanup current backned.
[Physics::Module] Id: 0xf2b8ea05
Input System module state changed to: ShutdownInProgress.
Input System polling thread exited.
Input System module state changed to: Shutdown.
PlayerConnection::Cleanup##utp:{"type":"MemoryLeaks","version":2,"phase":"Immediate","time":1785479463635,"processId":28116,"allocatedMemory":80158,"memoryLabels":[{"Default":136},{"Thread":512},{"Manager":19691},{"GfxDevice":72},{"GfxThread":1560},{"Serialization":416},{"JobScheduler":49776},{"String":333},{"HashMap":3584},{"PoolAlloc":768},{"VR":1784},{"NativeArray":372},{"Subsystems":96},{"Gui":938},{"CoreBusinessMetrics":120}]}
